timestamp,metric,value,run_name,method,test_case,field,tags
1499289917000,jmeter.latency.avg,17.7254501355,nightly-2017-07-05-14-23-51,dv,jsonfacet,s10_s,{}
1499290101000,jmeter.latency.avg,16.4471562352,nightly-2017-07-05-14-26-55,dv,jsonfacet,s100_s,{}
1499290285000,jmeter.latency.avg,19.4769024006,nightly-2017-07-05-14-29-59,dv,jsonfacet,s1000_s,{}
1499290469000,jmeter.latency.avg,19.6514890674,nightly-2017-07-05-14-33-03,dv,jsonfacet,s10000_s,{}
1499290653000,jmeter.latency.avg,27.6092689846,nightly-2017-07-05-14-36-07,dv,jsonfacet,s100000_s,{}
1499290837000,jmeter.latency.avg,42.0948464356,nightly-2017-07-05-14-39-11,dv,jsonfacet,s1000000_s,{}
1499291021000,jmeter.latency.avg,18.1733960313,nightly-2017-07-05-14-42-16,enum,jsonfacet,s10_s,{}
1499291205000,jmeter.latency.avg,16.0743114206,nightly-2017-07-05-14-45-20,enum,jsonfacet,s100_s,{}
1499291389000,jmeter.latency.avg,19.2526224817,nightly-2017-07-05-14-48-24,enum,jsonfacet,s1000_s,{}
1499291573000,jmeter.latency.avg,20.1597189628,nightly-2017-07-05-14-51-28,enum,jsonfacet,s10000_s,{}
1499291758000,jmeter.latency.avg,28.3570724965,nightly-2017-07-05-14-54-32,enum,jsonfacet,s100000_s,{}
1499291942000,jmeter.latency.avg,42.1743904571,nightly-2017-07-05-14-57-36,enum,jsonfacet,s1000000_s,{}
1499357652000,jmeter.latency.avg,20.0365948688,nightly-2017-07-06-09-12-46,dv,jsonfacet,s10_s,{}
1499357836000,jmeter.latency.avg,18.921735409,nightly-2017-07-06-09-15-50,dv,jsonfacet,s100_s,{}
1499358020000,jmeter.latency.avg,20.7425683516,nightly-2017-07-06-09-18-54,dv,jsonfacet,s1000_s,{}
1499358204000,jmeter.latency.avg,24.1103331913,nightly-2017-07-06-09-21-58,dv,jsonfacet,s10000_s,{}
1499358388000,jmeter.latency.avg,33.9584638311,nightly-2017-07-06-09-25-02,dv,jsonfacet,s100000_s,{}
1499358572000,jmeter.latency.avg,45.3109213355,nightly-2017-07-06-09-28-06,dv,jsonfacet,s1000000_s,{}
1499358756000,jmeter.latency.avg,20.3136233993,nightly-2017-07-06-09-31-10,enum,jsonfacet,s10_s,{}
1499358940000,jmeter.latency.avg,19.233775486,nightly-2017-07-06-09-34-14,enum,jsonfacet,s100_s,{}
1499359124000,jmeter.latency.avg,21.6226267148,nightly-2017-07-06-09-37-18,enum,jsonfacet,s1000_s,{}
1499359308000,jmeter.latency.avg,23.8110982739,nightly-2017-07-06-09-40-22,enum,jsonfacet,s10000_s,{}
1499359492000,jmeter.latency.avg,33.6190762159,nightly-2017-07-06-09-43-26,enum,jsonfacet,s100000_s,{}
1499359677000,jmeter.latency.avg,46.068719742,nightly-2017-07-06-09-46-31,enum,jsonfacet,s1000000_s,{}
1499400508000,jmeter.latency.avg,20.1370248143,nightly-2017-07-06-21-07-02,dv,jsonfacet,s10_s,{}
1499400692000,jmeter.latency.avg,18.8923281767,nightly-2017-07-06-21-10-06,dv,jsonfacet,s100_s,{}
1499400876000,jmeter.latency.avg,21.4004241302,nightly-2017-07-06-21-13-10,dv,jsonfacet,s1000_s,{}
1499401060000,jmeter.latency.avg,24.0252902836,nightly-2017-07-06-21-16-14,dv,jsonfacet,s10000_s,{}
1499401244000,jmeter.latency.avg,33.8679693283,nightly-2017-07-06-21-19-18,dv,jsonfacet,s100000_s,{}
1499401428000,jmeter.latency.avg,46.5410504246,nightly-2017-07-06-21-22-22,dv,jsonfacet,s1000000_s,{}
1499401612000,jmeter.latency.avg,20.4324379378,nightly-2017-07-06-21-25-27,enum,jsonfacet,s10_s,{}
1499401796000,jmeter.latency.avg,19.1319365715,nightly-2017-07-06-21-28-31,enum,jsonfacet,s100_s,{}
1499401980000,jmeter.latency.avg,21.4162318531,nightly-2017-07-06-21-31-35,enum,jsonfacet,s1000_s,{}
1499402164000,jmeter.latency.avg,23.9434278813,nightly-2017-07-06-21-34-38,enum,jsonfacet,s10000_s,{}
1499402348000,jmeter.latency.avg,33.7500963915,nightly-2017-07-06-21-37-42,enum,jsonfacet,s100000_s,{}
1499402532000,jmeter.latency.avg,47.0813358561,nightly-2017-07-06-21-40-46,enum,jsonfacet,s1000000_s,{}
1499487220000,jmeter.latency.avg,19.5729499251,debug-2017-07-07-21-12-14,dv,jsonfacet,s10_s,{}
1499487404000,jmeter.latency.avg,17.7345233847,debug-2017-07-07-21-15-18,dv,jsonfacet,s100_s,{}
1499487588000,jmeter.latency.avg,19.4739127972,debug-2017-07-07-21-18-22,dv,jsonfacet,s1000_s,{}
1499487772000,jmeter.latency.avg,22.1206351893,debug-2017-07-07-21-21-26,dv,jsonfacet,s10000_s,{}
1499487956000,jmeter.latency.avg,31.0818085599,debug-2017-07-07-21-24-31,dv,jsonfacet,s100000_s,{}
1499488141000,jmeter.latency.avg,44.6258952245,debug-2017-07-07-21-27-35,dv,jsonfacet,s1000000_s,{}
1499488325000,jmeter.latency.avg,19.4132411372,debug-2017-07-07-21-30-39,enum,jsonfacet,s10_s,{}
1499488509000,jmeter.latency.avg,18.699946393,debug-2017-07-07-21-33-43,enum,jsonfacet,s100_s,{}
1499488693000,jmeter.latency.avg,21.4977372504,debug-2017-07-07-21-36-47,enum,jsonfacet,s1000_s,{}
1499488877000,jmeter.latency.avg,19.7807453822,debug-2017-07-07-21-39-51,enum,jsonfacet,s10000_s,{}
1499489061000,jmeter.latency.avg,31.665369788,debug-2017-07-07-21-42-55,enum,jsonfacet,s100000_s,{}
1499489245000,jmeter.latency.avg,44.6102834969,debug-2017-07-07-21-45-59,enum,jsonfacet,s1000000_s,{}
1499573402000,jmeter.latency.avg,19.7665869221,debug-2017-07-08-21-08-37,dv,jsonfacet,s10_s,{}
1499573587000,jmeter.latency.avg,16.5868885004,debug-2017-07-08-21-11-41,dv,jsonfacet,s100_s,{}
1499573771000,jmeter.latency.avg,20.9502020593,debug-2017-07-08-21-14-45,dv,jsonfacet,s1000_s,{}
1499573955000,jmeter.latency.avg,21.8216840174,debug-2017-07-08-21-17-49,dv,jsonfacet,s10000_s,{}
1499574139000,jmeter.latency.avg,31.3853459972,debug-2017-07-08-21-20-53,dv,jsonfacet,s100000_s,{}
1499574323000,jmeter.latency.avg,45.4080717528,debug-2017-07-08-21-23-58,dv,jsonfacet,s1000000_s,{}
1499574508000,jmeter.latency.avg,19.670787884,debug-2017-07-08-21-27-02,enum,jsonfacet,s10_s,{}
1499574692000,jmeter.latency.avg,18.7657059629,debug-2017-07-08-21-30-06,enum,jsonfacet,s100_s,{}
1499574876000,jmeter.latency.avg,20.9535183064,debug-2017-07-08-21-33-10,enum,jsonfacet,s1000_s,{}
1499575060000,jmeter.latency.avg,22.0053857524,debug-2017-07-08-21-36-14,enum,jsonfacet,s10000_s,{}
1499575244000,jmeter.latency.avg,31.6800788469,debug-2017-07-08-21-39-19,enum,jsonfacet,s100000_s,{}
1499575428000,jmeter.latency.avg,44.7209565684,debug-2017-07-08-21-42-23,enum,jsonfacet,s1000000_s,{}
1499659843000,jmeter.latency.avg,19.7875345009,debug-2017-07-09-21-09-17,dv,jsonfacet,s10_s,{}
1499660027000,jmeter.latency.avg,18.8547381917,debug-2017-07-09-21-12-21,dv,jsonfacet,s100_s,{}
1499660211000,jmeter.latency.avg,22.7347737141,debug-2017-07-09-21-15-26,dv,jsonfacet,s1000_s,{}
1499660396000,jmeter.latency.avg,20.5088909963,debug-2017-07-09-21-18-30,dv,jsonfacet,s10000_s,{}
1499660580000,jmeter.latency.avg,31.4185760546,debug-2017-07-09-21-21-34,dv,jsonfacet,s100000_s,{}
1499660764000,jmeter.latency.avg,44.4260898765,debug-2017-07-09-21-24-38,dv,jsonfacet,s1000000_s,{}
1499660948000,jmeter.latency.avg,19.4876414275,debug-2017-07-09-21-27-43,enum,jsonfacet,s10_s,{}
1499661132000,jmeter.latency.avg,18.8589522752,debug-2017-07-09-21-30-47,enum,jsonfacet,s100_s,{}
1499661317000,jmeter.latency.avg,19.5035989434,debug-2017-07-09-21-33-51,enum,jsonfacet,s1000_s,{}
1499661501000,jmeter.latency.avg,22.0302421846,debug-2017-07-09-21-36-55,enum,jsonfacet,s10000_s,{}
1499661685000,jmeter.latency.avg,31.4434711019,debug-2017-07-09-21-39-59,enum,jsonfacet,s100000_s,{}
1499661869000,jmeter.latency.avg,45.929475456,debug-2017-07-09-21-43-03,enum,jsonfacet,s1000000_s,{}
1499746239000,jmeter.latency.avg,19.8274498367,debug-2017-07-10-21-09-13,dv,jsonfacet,s10_s,{}
1499746423000,jmeter.latency.avg,18.8283072608,debug-2017-07-10-21-12-18,dv,jsonfacet,s100_s,{}
1499746607000,jmeter.latency.avg,19.4925349326,debug-2017-07-10-21-15-22,dv,jsonfacet,s1000_s,{}
1499746791000,jmeter.latency.avg,21.6896362293,debug-2017-07-10-21-18-26,dv,jsonfacet,s10000_s,{}
1499746975000,jmeter.latency.avg,30.5684652087,debug-2017-07-10-21-21-30,dv,jsonfacet,s100000_s,{}
1499747160000,jmeter.latency.avg,45.1519383404,debug-2017-07-10-21-24-34,dv,jsonfacet,s1000000_s,{}
1499747344000,jmeter.latency.avg,19.8423115272,debug-2017-07-10-21-27-38,enum,jsonfacet,s10_s,{}
1499747528000,jmeter.latency.avg,18.6301905729,debug-2017-07-10-21-30-42,enum,jsonfacet,s100_s,{}
1499747712000,jmeter.latency.avg,21.1505989882,debug-2017-07-10-21-33-46,enum,jsonfacet,s1000_s,{}
1499747896000,jmeter.latency.avg,22.8978217399,debug-2017-07-10-21-36-50,enum,jsonfacet,s10000_s,{}
1499748080000,jmeter.latency.avg,31.665113681,debug-2017-07-10-21-39-55,enum,jsonfacet,s100000_s,{}
1499748264000,jmeter.latency.avg,45.6405284352,debug-2017-07-10-21-42-59,enum,jsonfacet,s1000000_s,{}
1499832642000,jmeter.latency.avg,17.7526550836,debug-2017-07-11-21-09-16,dv,jsonfacet,s10_s,{}
1499832826000,jmeter.latency.avg,19.0107795883,debug-2017-07-11-21-12-20,dv,jsonfacet,s100_s,{}
1499833010000,jmeter.latency.avg,19.2733467702,debug-2017-07-11-21-15-24,dv,jsonfacet,s1000_s,{}
1499833194000,jmeter.latency.avg,21.7861842056,debug-2017-07-11-21-18-28,dv,jsonfacet,s10000_s,{}
1499833378000,jmeter.latency.avg,31.2358391317,debug-2017-07-11-21-21-33,dv,jsonfacet,s100000_s,{}
1499833563000,jmeter.latency.avg,45.2402616876,debug-2017-07-11-21-24-37,dv,jsonfacet,s1000000_s,{}
1499833747000,jmeter.latency.avg,17.9907766371,debug-2017-07-11-21-27-41,enum,jsonfacet,s10_s,{}
1499833931000,jmeter.latency.avg,18.8595719718,debug-2017-07-11-21-30-45,enum,jsonfacet,s100_s,{}
1499834115000,jmeter.latency.avg,19.4182935134,debug-2017-07-11-21-33-50,enum,jsonfacet,s1000_s,{}
1499834299000,jmeter.latency.avg,21.8391955637,debug-2017-07-11-21-36-54,enum,jsonfacet,s10000_s,{}
1499834483000,jmeter.latency.avg,31.5067080594,debug-2017-07-11-21-39-58,enum,jsonfacet,s100000_s,{}
1499834668000,jmeter.latency.avg,44.8128552551,debug-2017-07-11-21-43-02,enum,jsonfacet,s1000000_s,{}
1499919041000,jmeter.latency.avg,16.908861265,debug-2017-07-12-21-09-15,dv,jsonfacet,s10_s,{}
1499919225000,jmeter.latency.avg,16.3760730019,debug-2017-07-12-21-12-19,dv,jsonfacet,s100_s,{}
1499919409000,jmeter.latency.avg,18.9319249377,debug-2017-07-12-21-15-23,dv,jsonfacet,s1000_s,{}
1499919593000,jmeter.latency.avg,18.701823945,debug-2017-07-12-21-18-27,dv,jsonfacet,s10000_s,{}
1499919778000,jmeter.latency.avg,26.2237229044,debug-2017-07-12-21-21-32,dv,jsonfacet,s100000_s,{}
1499919962000,jmeter.latency.avg,42.2445179847,debug-2017-07-12-21-24-36,dv,jsonfacet,s1000000_s,{}
1499920146000,jmeter.latency.avg,16.7043480565,debug-2017-07-12-21-27-40,enum,jsonfacet,s10_s,{}
1499920330000,jmeter.latency.avg,16.086845298,debug-2017-07-12-21-30-44,enum,jsonfacet,s100_s,{}
1499920514000,jmeter.latency.avg,18.1670777106,debug-2017-07-12-21-33-48,enum,jsonfacet,s1000_s,{}
1499920698000,jmeter.latency.avg,18.5988004842,debug-2017-07-12-21-36-52,enum,jsonfacet,s10000_s,{}
1499920883000,jmeter.latency.avg,27.2070644285,debug-2017-07-12-21-39-57,enum,jsonfacet,s100000_s,{}
1499921067000,jmeter.latency.avg,42.5101157365,debug-2017-07-12-21-43-01,enum,jsonfacet,s1000000_s,{}
1500005440000,jmeter.latency.avg,20.3003272815,debug-2017-07-13-21-09-14,dv,jsonfacet,s10_s,{}
1500005624000,jmeter.latency.avg,18.7946491124,debug-2017-07-13-21-12-18,dv,jsonfacet,s100_s,{}
1500005808000,jmeter.latency.avg,21.3870737536,debug-2017-07-13-21-15-22,dv,jsonfacet,s1000_s,{}
1500005992000,jmeter.latency.avg,24.2760152467,debug-2017-07-13-21-18-26,dv,jsonfacet,s10000_s,{}
1500006176000,jmeter.latency.avg,33.3614326765,debug-2017-07-13-21-21-30,dv,jsonfacet,s100000_s,{}
1500006360000,jmeter.latency.avg,46.0749773357,debug-2017-07-13-21-24-35,dv,jsonfacet,s1000000_s,{}
1500006544000,jmeter.latency.avg,19.6036870763,debug-2017-07-13-21-27-39,enum,jsonfacet,s10_s,{}
1500006728000,jmeter.latency.avg,18.8587530995,debug-2017-07-13-21-30-43,enum,jsonfacet,s100_s,{}
1500006912000,jmeter.latency.avg,20.8203615023,debug-2017-07-13-21-33-47,enum,jsonfacet,s1000_s,{}
1500007097000,jmeter.latency.avg,24.0918802027,debug-2017-07-13-21-36-51,enum,jsonfacet,s10000_s,{}
1500007280000,jmeter.latency.avg,34.3284776277,debug-2017-07-13-21-39-55,enum,jsonfacet,s100000_s,{}
1500007465000,jmeter.latency.avg,46.8211891879,debug-2017-07-13-21-42-59,enum,jsonfacet,s1000000_s,{}
1500091843000,jmeter.latency.avg,19.5645372118,debug-2017-07-14-21-09-17,dv,jsonfacet,s10_s,{}
1500092027000,jmeter.latency.avg,17.6585142328,debug-2017-07-14-21-12-22,dv,jsonfacet,s100_s,{}
1500092212000,jmeter.latency.avg,19.4384110167,debug-2017-07-14-21-15-26,dv,jsonfacet,s1000_s,{}
1500092396000,jmeter.latency.avg,21.8849507077,debug-2017-07-14-21-18-31,dv,jsonfacet,s10000_s,{}
1500092581000,jmeter.latency.avg,31.681066535,debug-2017-07-14-21-21-35,dv,jsonfacet,s100000_s,{}
1500092766000,jmeter.latency.avg,44.0607776932,debug-2017-07-14-21-24-40,dv,jsonfacet,s1000000_s,{}
1500092950000,jmeter.latency.avg,19.6411866073,debug-2017-07-14-21-27-44,enum,jsonfacet,s10_s,{}
1500093135000,jmeter.latency.avg,18.7294750213,debug-2017-07-14-21-30-49,enum,jsonfacet,s100_s,{}
1500093319000,jmeter.latency.avg,21.5462363723,debug-2017-07-14-21-33-53,enum,jsonfacet,s1000_s,{}
1500093503000,jmeter.latency.avg,22.084106291,debug-2017-07-14-21-36-58,enum,jsonfacet,s10000_s,{}
1500093687000,jmeter.latency.avg,30.3605511574,debug-2017-07-14-21-40-02,enum,jsonfacet,s100000_s,{}
1500093872000,jmeter.latency.avg,43.7612591628,debug-2017-07-14-21-43-06,enum,jsonfacet,s1000000_s,{}
1500178243000,jmeter.latency.avg,19.9595016881,debug-2017-07-15-21-09-18,dv,jsonfacet,s10_s,{}
1500178428000,jmeter.latency.avg,18.1673143247,debug-2017-07-15-21-12-22,dv,jsonfacet,s100_s,{}
1500178613000,jmeter.latency.avg,22.213260755,debug-2017-07-15-21-15-27,dv,jsonfacet,s1000_s,{}
1500178797000,jmeter.latency.avg,22.6887395668,debug-2017-07-15-21-18-32,dv,jsonfacet,s10000_s,{}
1500178982000,jmeter.latency.avg,32.3880224776,debug-2017-07-15-21-21-36,dv,jsonfacet,s100000_s,{}
1500179167000,jmeter.latency.avg,44.9472364797,debug-2017-07-15-21-24-41,dv,jsonfacet,s1000000_s,{}
1500179351000,jmeter.latency.avg,20.3685900652,debug-2017-07-15-21-27-46,enum,jsonfacet,s10_s,{}
1500179536000,jmeter.latency.avg,18.4572135013,debug-2017-07-15-21-30-50,enum,jsonfacet,s100_s,{}
1500179721000,jmeter.latency.avg,21.4591448969,debug-2017-07-15-21-33-55,enum,jsonfacet,s1000_s,{}
1500179906000,jmeter.latency.avg,22.3921581585,debug-2017-07-15-21-37-00,enum,jsonfacet,s10000_s,{}
1500180090000,jmeter.latency.avg,32.3928895488,debug-2017-07-15-21-40-05,enum,jsonfacet,s100000_s,{}
1500180275000,jmeter.latency.avg,45.2103572884,debug-2017-07-15-21-43-09,enum,jsonfacet,s1000000_s,{}
1500264639000,jmeter.latency.avg,19.9537985429,debug-2017-07-16-21-09-13,dv,jsonfacet,s10_s,{}
1500264823000,jmeter.latency.avg,17.4376901373,debug-2017-07-16-21-12-17,dv,jsonfacet,s100_s,{}
1500265008000,jmeter.latency.avg,21.3766576361,debug-2017-07-16-21-15-22,dv,jsonfacet,s1000_s,{}
1500265192000,jmeter.latency.avg,21.8772347651,debug-2017-07-16-21-18-26,dv,jsonfacet,s10000_s,{}
1500265377000,jmeter.latency.avg,31.37273814,debug-2017-07-16-21-21-31,dv,jsonfacet,s100000_s,{}
1500265561000,jmeter.latency.avg,44.2917133365,debug-2017-07-16-21-24-36,dv,jsonfacet,s1000000_s,{}
1500265746000,jmeter.latency.avg,18.0307508323,debug-2017-07-16-21-27-40,enum,jsonfacet,s10_s,{}
1500265931000,jmeter.latency.avg,18.7260072871,debug-2017-07-16-21-30-45,enum,jsonfacet,s100_s,{}
1500266115000,jmeter.latency.avg,21.2336821563,debug-2017-07-16-21-33-50,enum,jsonfacet,s1000_s,{}
1500266300000,jmeter.latency.avg,22.4545722975,debug-2017-07-16-21-36-54,enum,jsonfacet,s10000_s,{}
1500266484000,jmeter.latency.avg,31.9530515696,debug-2017-07-16-21-39-59,enum,jsonfacet,s100000_s,{}
1500266669000,jmeter.latency.avg,43.9483715302,debug-2017-07-16-21-43-03,enum,jsonfacet,s1000000_s,{}
1500351290000,jmeter.latency.avg,20.1478593042,debug-2017-07-17-21-13-24,dv,jsonfacet,s10_s,{}
1500351475000,jmeter.latency.avg,19.3367092575,debug-2017-07-17-21-16-29,dv,jsonfacet,s100_s,{}
1500351659000,jmeter.latency.avg,21.6674482384,debug-2017-07-17-21-19-34,dv,jsonfacet,s1000_s,{}
1500351844000,jmeter.latency.avg,22.6766254393,debug-2017-07-17-21-22-38,dv,jsonfacet,s10000_s,{}
1500352028000,jmeter.latency.avg,32.2158201879,debug-2017-07-17-21-25-43,dv,jsonfacet,s100000_s,{}
1500352213000,jmeter.latency.avg,44.7795833171,debug-2017-07-17-21-28-47,dv,jsonfacet,s1000000_s,{}
1500352398000,jmeter.latency.avg,19.8902673249,debug-2017-07-17-21-31-52,enum,jsonfacet,s10_s,{}
1500352583000,jmeter.latency.avg,19.7326479391,debug-2017-07-17-21-34-57,enum,jsonfacet,s100_s,{}
1500352767000,jmeter.latency.avg,21.5956946392,debug-2017-07-17-21-38-01,enum,jsonfacet,s1000_s,{}
1500352952000,jmeter.latency.avg,22.3950478331,debug-2017-07-17-21-41-06,enum,jsonfacet,s10000_s,{}
1500353136000,jmeter.latency.avg,31.7906198767,debug-2017-07-17-21-44-11,enum,jsonfacet,s100000_s,{}
1500353321000,jmeter.latency.avg,45.0476749614,debug-2017-07-17-21-47-15,enum,jsonfacet,s1000000_s,{}
1500437609000,jmeter.latency.avg,19.9411729296,debug-2017-07-18-21-12-04,dv,jsonfacet,s10_s,{}
1500437794000,jmeter.latency.avg,18.9791884458,debug-2017-07-18-21-15-08,dv,jsonfacet,s100_s,{}
1500437979000,jmeter.latency.avg,20.9510847627,debug-2017-07-18-21-18-13,dv,jsonfacet,s1000_s,{}
1500438163000,jmeter.latency.avg,21.933737766,debug-2017-07-18-21-21-17,dv,jsonfacet,s10000_s,{}
1500438348000,jmeter.latency.avg,30.8541925747,debug-2017-07-18-21-24-22,dv,jsonfacet,s100000_s,{}
1500438532000,jmeter.latency.avg,44.104052009,debug-2017-07-18-21-27-27,dv,jsonfacet,s1000000_s,{}
1500438717000,jmeter.latency.avg,19.6398265147,debug-2017-07-18-21-30-31,enum,jsonfacet,s10_s,{}
1500438902000,jmeter.latency.avg,18.9864447019,debug-2017-07-18-21-33-36,enum,jsonfacet,s100_s,{}
1500439086000,jmeter.latency.avg,20.9280331542,debug-2017-07-18-21-36-40,enum,jsonfacet,s1000_s,{}
1500439271000,jmeter.latency.avg,22.1980419657,debug-2017-07-18-21-39-45,enum,jsonfacet,s10000_s,{}
1500439456000,jmeter.latency.avg,31.5056191226,debug-2017-07-18-21-42-50,enum,jsonfacet,s100000_s,{}
1500439640000,jmeter.latency.avg,44.1829250839,debug-2017-07-18-21-45-55,enum,jsonfacet,s1000000_s,{}
1500524093000,jmeter.latency.avg,20.0233894537,debug-2017-07-19-21-13-28,dv,jsonfacet,s10_s,{}
1500524277000,jmeter.latency.avg,19.0522107133,debug-2017-07-19-21-16-32,dv,jsonfacet,s100_s,{}
1500524462000,jmeter.latency.avg,21.464505981,debug-2017-07-19-21-19-36,dv,jsonfacet,s1000_s,{}
1500524647000,jmeter.latency.avg,21.5421068988,debug-2017-07-19-21-22-41,dv,jsonfacet,s10000_s,{}
1500524831000,jmeter.latency.avg,31.4748669606,debug-2017-07-19-21-25-45,dv,jsonfacet,s100000_s,{}
1500525016000,jmeter.latency.avg,45.3430644822,debug-2017-07-19-21-28-50,dv,jsonfacet,s1000000_s,{}
1500525200000,jmeter.latency.avg,19.7330901674,debug-2017-07-19-21-31-54,enum,jsonfacet,s10_s,{}
1500525385000,jmeter.latency.avg,18.7751197575,debug-2017-07-19-21-34-59,enum,jsonfacet,s100_s,{}
1500525569000,jmeter.latency.avg,21.2532258776,debug-2017-07-19-21-38-04,enum,jsonfacet,s1000_s,{}
1500525754000,jmeter.latency.avg,22.0853819629,debug-2017-07-19-21-41-08,enum,jsonfacet,s10000_s,{}
1500525938000,jmeter.latency.avg,31.5523155521,debug-2017-07-19-21-44-13,enum,jsonfacet,s100000_s,{}
1500526123000,jmeter.latency.avg,44.2252104553,debug-2017-07-19-21-47-17,enum,jsonfacet,s1000000_s,{}
1500610418000,jmeter.latency.avg,19.7813492368,debug-2017-07-20-21-12-12,dv,jsonfacet,s10_s,{}
1500610603000,jmeter.latency.avg,18.9887618063,debug-2017-07-20-21-15-17,dv,jsonfacet,s100_s,{}
1500610787000,jmeter.latency.avg,20.9142899388,debug-2017-07-20-21-18-21,dv,jsonfacet,s1000_s,{}
1500610971000,jmeter.latency.avg,22.0716901063,debug-2017-07-20-21-21-26,dv,jsonfacet,s10000_s,{}
1500611156000,jmeter.latency.avg,31.8680633488,debug-2017-07-20-21-24-30,dv,jsonfacet,s100000_s,{}
1500611340000,jmeter.latency.avg,44.185246189,debug-2017-07-20-21-27-35,dv,jsonfacet,s1000000_s,{}
1500611525000,jmeter.latency.avg,19.9758496104,debug-2017-07-20-21-30-39,enum,jsonfacet,s10_s,{}
1500611710000,jmeter.latency.avg,18.9656258047,debug-2017-07-20-21-33-44,enum,jsonfacet,s100_s,{}
1500611894000,jmeter.latency.avg,20.6925738442,debug-2017-07-20-21-36-48,enum,jsonfacet,s1000_s,{}
1500612078000,jmeter.latency.avg,22.0765494468,debug-2017-07-20-21-39-53,enum,jsonfacet,s10000_s,{}
1500612263000,jmeter.latency.avg,32.2388443971,debug-2017-07-20-21-42-57,enum,jsonfacet,s100000_s,{}
1500612448000,jmeter.latency.avg,44.3668035937,debug-2017-07-20-21-46-02,enum,jsonfacet,s1000000_s,{}
1500696896000,jmeter.latency.avg,20.2007839453,debug-2017-07-21-21-13-31,dv,jsonfacet,s10_s,{}
1500697081000,jmeter.latency.avg,19.041413837,debug-2017-07-21-21-16-35,dv,jsonfacet,s100_s,{}
1500697266000,jmeter.latency.avg,22.1971987997,debug-2017-07-21-21-19-40,dv,jsonfacet,s1000_s,{}
1500697450000,jmeter.latency.avg,22.441532046,debug-2017-07-21-21-22-45,dv,jsonfacet,s10000_s,{}
1500697635000,jmeter.latency.avg,32.4106388575,debug-2017-07-21-21-25-49,dv,jsonfacet,s100000_s,{}
1500697820000,jmeter.latency.avg,44.6832348966,debug-2017-07-21-21-28-54,dv,jsonfacet,s1000000_s,{}
1500698004000,jmeter.latency.avg,19.9424870849,debug-2017-07-21-21-31-59,enum,jsonfacet,s10_s,{}
1500698189000,jmeter.latency.avg,19.4304558713,debug-2017-07-21-21-35-03,enum,jsonfacet,s100_s,{}
1500698373000,jmeter.latency.avg,21.8380794069,debug-2017-07-21-21-38-07,enum,jsonfacet,s1000_s,{}
1500698558000,jmeter.latency.avg,22.6078923588,debug-2017-07-21-21-41-12,enum,jsonfacet,s10000_s,{}
1500698743000,jmeter.latency.avg,32.5087710556,debug-2017-07-21-21-44-17,enum,jsonfacet,s100000_s,{}
1500698927000,jmeter.latency.avg,45.8536113128,debug-2017-07-21-21-47-21,enum,jsonfacet,s1000000_s,{}
1500783291000,jmeter.latency.avg,19.8716813823,debug-2017-07-22-21-13-26,dv,jsonfacet,s10_s,{}
1500783476000,jmeter.latency.avg,18.820098365,debug-2017-07-22-21-16-30,dv,jsonfacet,s100_s,{}
1500783660000,jmeter.latency.avg,21.4503668254,debug-2017-07-22-21-19-35,dv,jsonfacet,s1000_s,{}
1500783845000,jmeter.latency.avg,22.3303003445,debug-2017-07-22-21-22-39,dv,jsonfacet,s10000_s,{}
1500784029000,jmeter.latency.avg,32.2701599763,debug-2017-07-22-21-25-44,dv,jsonfacet,s100000_s,{}
1500784214000,jmeter.latency.avg,44.5320668636,debug-2017-07-22-21-28-48,dv,jsonfacet,s1000000_s,{}
1500784398000,jmeter.latency.avg,19.565915349,debug-2017-07-22-21-31-53,enum,jsonfacet,s10_s,{}
1500784583000,jmeter.latency.avg,19.0895329311,debug-2017-07-22-21-34-57,enum,jsonfacet,s100_s,{}
1500784767000,jmeter.latency.avg,21.6005764085,debug-2017-07-22-21-38-02,enum,jsonfacet,s1000_s,{}
1500784952000,jmeter.latency.avg,21.9244608258,debug-2017-07-22-21-41-06,enum,jsonfacet,s10000_s,{}
1500785137000,jmeter.latency.avg,31.8470621969,debug-2017-07-22-21-44-11,enum,jsonfacet,s100000_s,{}
1500785321000,jmeter.latency.avg,44.0784444709,debug-2017-07-22-21-47-15,enum,jsonfacet,s1000000_s,{}
1500869698000,jmeter.latency.avg,20.3295968518,debug-2017-07-23-21-13-32,dv,jsonfacet,s10_s,{}
1500869882000,jmeter.latency.avg,18.7982606199,debug-2017-07-23-21-16-36,dv,jsonfacet,s100_s,{}
1500870067000,jmeter.latency.avg,21.7173223439,debug-2017-07-23-21-19-41,dv,jsonfacet,s1000_s,{}
1500870251000,jmeter.latency.avg,23.9260954096,debug-2017-07-23-21-22-45,dv,jsonfacet,s10000_s,{}
1500870436000,jmeter.latency.avg,34.1378854696,debug-2017-07-23-21-25-50,dv,jsonfacet,s100000_s,{}
1500870620000,jmeter.latency.avg,45.7760187557,debug-2017-07-23-21-28-54,dv,jsonfacet,s1000000_s,{}
1500870805000,jmeter.latency.avg,20.6625781359,debug-2017-07-23-21-31-59,enum,jsonfacet,s10_s,{}
1500870989000,jmeter.latency.avg,19.4098553138,debug-2017-07-23-21-35-03,enum,jsonfacet,s100_s,{}
1500871174000,jmeter.latency.avg,21.8651107323,debug-2017-07-23-21-38-08,enum,jsonfacet,s1000_s,{}
1500871358000,jmeter.latency.avg,23.5991933826,debug-2017-07-23-21-41-12,enum,jsonfacet,s10000_s,{}
1500871542000,jmeter.latency.avg,34.1935596423,debug-2017-07-23-21-44-17,enum,jsonfacet,s100000_s,{}
1500871727000,jmeter.latency.avg,45.9046420286,debug-2017-07-23-21-47-21,enum,jsonfacet,s1000000_s,{}
1500956674000,jmeter.latency.avg,20.0455032397,debug-2017-07-24-21-23-08,dv,jsonfacet,s10_s,{}
1500956858000,jmeter.latency.avg,18.8495001668,debug-2017-07-24-21-26-12,dv,jsonfacet,s100_s,{}
1500957043000,jmeter.latency.avg,21.0430438455,debug-2017-07-24-21-29-17,dv,jsonfacet,s1000_s,{}
1500957228000,jmeter.latency.avg,21.5879276904,debug-2017-07-24-21-32-22,dv,jsonfacet,s10000_s,{}
1500957412000,jmeter.latency.avg,30.3445416079,debug-2017-07-24-21-35-26,dv,jsonfacet,s100000_s,{}
1500957597000,jmeter.latency.avg,44.0150592946,debug-2017-07-24-21-38-31,dv,jsonfacet,s1000000_s,{}
1500957781000,jmeter.latency.avg,20.1251258281,debug-2017-07-24-21-41-36,enum,jsonfacet,s10_s,{}
1500957966000,jmeter.latency.avg,19.001527867,debug-2017-07-24-21-44-40,enum,jsonfacet,s100_s,{}
1500958151000,jmeter.latency.avg,20.9445051037,debug-2017-07-24-21-47-45,enum,jsonfacet,s1000_s,{}
1500958335000,jmeter.latency.avg,21.5476721356,debug-2017-07-24-21-50-50,enum,jsonfacet,s10000_s,{}
1500958520000,jmeter.latency.avg,30.147211755,debug-2017-07-24-21-53-54,enum,jsonfacet,s100000_s,{}
1500958704000,jmeter.latency.avg,42.976663313,debug-2017-07-24-21-56-59,enum,jsonfacet,s1000000_s,{}
1501043070000,jmeter.latency.avg,19.9642855595,debug-2017-07-25-21-23-04,dv,jsonfacet,s10_s,{}
1501043254000,jmeter.latency.avg,19.0657005866,debug-2017-07-25-21-26-08,dv,jsonfacet,s100_s,{}
1501043439000,jmeter.latency.avg,21.6558954409,debug-2017-07-25-21-29-13,dv,jsonfacet,s1000_s,{}
1501043623000,jmeter.latency.avg,19.7258127764,debug-2017-07-25-21-32-18,dv,jsonfacet,s10000_s,{}
1501043808000,jmeter.latency.avg,31.496083359,debug-2017-07-25-21-35-22,dv,jsonfacet,s100000_s,{}
1501043992000,jmeter.latency.avg,45.9171852765,debug-2017-07-25-21-38-26,dv,jsonfacet,s1000000_s,{}
1501044177000,jmeter.latency.avg,19.8385907537,debug-2017-07-25-21-41-31,enum,jsonfacet,s10_s,{}
1501044362000,jmeter.latency.avg,18.874547086,debug-2017-07-25-21-44-36,enum,jsonfacet,s100_s,{}
1501044546000,jmeter.latency.avg,21.0070067218,debug-2017-07-25-21-47-40,enum,jsonfacet,s1000_s,{}
1501044731000,jmeter.latency.avg,22.0307628787,debug-2017-07-25-21-50-45,enum,jsonfacet,s10000_s,{}
1501044915000,jmeter.latency.avg,31.0572749552,debug-2017-07-25-21-53-49,enum,jsonfacet,s100000_s,{}
1501045100000,jmeter.latency.avg,42.6522323626,debug-2017-07-25-21-56-54,enum,jsonfacet,s1000000_s,{}
1501129476000,jmeter.latency.avg,20.1331323924,debug-2017-07-26-21-23-10,dv,jsonfacet,s10_s,{}
1501129661000,jmeter.latency.avg,18.8883336904,debug-2017-07-26-21-26-15,dv,jsonfacet,s100_s,{}
1501129845000,jmeter.latency.avg,21.377197503,debug-2017-07-26-21-29-19,dv,jsonfacet,s1000_s,{}
1501130030000,jmeter.latency.avg,22.0667082599,debug-2017-07-26-21-32-24,dv,jsonfacet,s10000_s,{}
1501130214000,jmeter.latency.avg,29.8504055428,debug-2017-07-26-21-35-28,dv,jsonfacet,s100000_s,{}
1501130399000,jmeter.latency.avg,46.0250468419,debug-2017-07-26-21-38-33,dv,jsonfacet,s1000000_s,{}
1501130583000,jmeter.latency.avg,20.2840980305,debug-2017-07-26-21-41-38,enum,jsonfacet,s10_s,{}
1501130768000,jmeter.latency.avg,18.7282281897,debug-2017-07-26-21-44-42,enum,jsonfacet,s100_s,{}
1501130952000,jmeter.latency.avg,20.6733870731,debug-2017-07-26-21-47-46,enum,jsonfacet,s1000_s,{}
1501131137000,jmeter.latency.avg,22.0009472427,debug-2017-07-26-21-50-51,enum,jsonfacet,s10000_s,{}
1501131322000,jmeter.latency.avg,30.0513956774,debug-2017-07-26-21-53-56,enum,jsonfacet,s100000_s,{}
1501131506000,jmeter.latency.avg,43.7109191535,debug-2017-07-26-21-57-00,enum,jsonfacet,s1000000_s,{}
1501215867000,jmeter.latency.avg,19.8462558168,debug-2017-07-27-21-23-01,dv,jsonfacet,s10_s,{}
1501216051000,jmeter.latency.avg,18.9377005364,debug-2017-07-27-21-26-05,dv,jsonfacet,s100_s,{}
1501216235000,jmeter.latency.avg,20.500581277,debug-2017-07-27-21-29-10,dv,jsonfacet,s1000_s,{}
1501216420000,jmeter.latency.avg,22.0911803741,debug-2017-07-27-21-32-14,dv,jsonfacet,s10000_s,{}
1501216605000,jmeter.latency.avg,30.1707223868,debug-2017-07-27-21-35-19,dv,jsonfacet,s100000_s,{}
1501216789000,jmeter.latency.avg,44.7121915631,debug-2017-07-27-21-38-23,dv,jsonfacet,s1000000_s,{}
1501216974000,jmeter.latency.avg,19.8730106388,debug-2017-07-27-21-41-28,enum,jsonfacet,s10_s,{}
1501217158000,jmeter.latency.avg,18.5196802938,debug-2017-07-27-21-44-32,enum,jsonfacet,s100_s,{}
1501217343000,jmeter.latency.avg,21.5331158361,debug-2017-07-27-21-47-37,enum,jsonfacet,s1000_s,{}
1501217527000,jmeter.latency.avg,21.7923247942,debug-2017-07-27-21-50-42,enum,jsonfacet,s10000_s,{}
1501217712000,jmeter.latency.avg,29.8080310055,debug-2017-07-27-21-53-46,enum,jsonfacet,s100000_s,{}
1501217897000,jmeter.latency.avg,44.38174173,debug-2017-07-27-21-56-51,enum,jsonfacet,s1000000_s,{}
1501302273000,jmeter.latency.avg,20.4536811148,debug-2017-07-28-21-23-07,dv,jsonfacet,s10_s,{}
1501302458000,jmeter.latency.avg,18.9318602505,debug-2017-07-28-21-26-12,dv,jsonfacet,s100_s,{}
1501302642000,jmeter.latency.avg,21.4043251468,debug-2017-07-28-21-29-17,dv,jsonfacet,s1000_s,{}
1501302827000,jmeter.latency.avg,24.3273785807,debug-2017-07-28-21-32-21,dv,jsonfacet,s10000_s,{}
1501303012000,jmeter.latency.avg,33.4469408084,debug-2017-07-28-21-35-26,dv,jsonfacet,s100000_s,{}
1501303196000,jmeter.latency.avg,46.5365328138,debug-2017-07-28-21-38-30,dv,jsonfacet,s1000000_s,{}
1501303380000,jmeter.latency.avg,20.2598752908,debug-2017-07-28-21-41-35,enum,jsonfacet,s10_s,{}
1501303565000,jmeter.latency.avg,18.9699823325,debug-2017-07-28-21-44-39,enum,jsonfacet,s100_s,{}
1501303750000,jmeter.latency.avg,21.2856761083,debug-2017-07-28-21-47-44,enum,jsonfacet,s1000_s,{}
1501303934000,jmeter.latency.avg,23.8804647716,debug-2017-07-28-21-50-49,enum,jsonfacet,s10000_s,{}
1501304119000,jmeter.latency.avg,34.0777973483,debug-2017-07-28-21-53-53,enum,jsonfacet,s100000_s,{}
1501304304000,jmeter.latency.avg,44.9370970617,debug-2017-07-28-21-56-58,enum,jsonfacet,s1000000_s,{}
1501388653000,jmeter.latency.avg,19.6344338599,debug-2017-07-29-21-22-47,dv,jsonfacet,s10_s,{}
1501388838000,jmeter.latency.avg,18.8719891913,debug-2017-07-29-21-25-52,dv,jsonfacet,s100_s,{}
1501389023000,jmeter.latency.avg,20.9998961975,debug-2017-07-29-21-28-57,dv,jsonfacet,s1000_s,{}
1501389207000,jmeter.latency.avg,21.9352991306,debug-2017-07-29-21-32-01,dv,jsonfacet,s10000_s,{}
1501389392000,jmeter.latency.avg,32.4561988053,debug-2017-07-29-21-35-06,dv,jsonfacet,s100000_s,{}
1501389576000,jmeter.latency.avg,45.8079953193,debug-2017-07-29-21-38-11,dv,jsonfacet,s1000000_s,{}
1501389761000,jmeter.latency.avg,19.9972259451,debug-2017-07-29-21-41-15,enum,jsonfacet,s10_s,{}
1501389945000,jmeter.latency.avg,18.6161290866,debug-2017-07-29-21-44-19,enum,jsonfacet,s100_s,{}
1501390130000,jmeter.latency.avg,20.7681409122,debug-2017-07-29-21-47-24,enum,jsonfacet,s1000_s,{}
1501390314000,jmeter.latency.avg,21.7516051974,debug-2017-07-29-21-50-29,enum,jsonfacet,s10000_s,{}
1501390499000,jmeter.latency.avg,32.1580281783,debug-2017-07-29-21-53-33,enum,jsonfacet,s100000_s,{}
1501390683000,jmeter.latency.avg,42.406130722,debug-2017-07-29-21-56-37,enum,jsonfacet,s1000000_s,{}
1501475071000,jmeter.latency.avg,19.7255792092,debug-2017-07-30-21-23-05,dv,jsonfacet,s10_s,{}
1501475255000,jmeter.latency.avg,18.8361588657,debug-2017-07-30-21-26-09,dv,jsonfacet,s100_s,{}
1501475440000,jmeter.latency.avg,21.5907801083,debug-2017-07-30-21-29-14,dv,jsonfacet,s1000_s,{}
1501475624000,jmeter.latency.avg,21.9951939522,debug-2017-07-30-21-32-19,dv,jsonfacet,s10000_s,{}
1501475809000,jmeter.latency.avg,31.5816393812,debug-2017-07-30-21-35-23,dv,jsonfacet,s100000_s,{}
1501475994000,jmeter.latency.avg,44.6114868453,debug-2017-07-30-21-38-28,dv,jsonfacet,s1000000_s,{}
1501476178000,jmeter.latency.avg,19.9926904131,debug-2017-07-30-21-41-32,enum,jsonfacet,s10_s,{}
1501476363000,jmeter.latency.avg,18.9465036869,debug-2017-07-30-21-44-37,enum,jsonfacet,s100_s,{}
1501476547000,jmeter.latency.avg,20.8864868086,debug-2017-07-30-21-47-41,enum,jsonfacet,s1000_s,{}
1501476731000,jmeter.latency.avg,22.0371196767,debug-2017-07-30-21-50-45,enum,jsonfacet,s10000_s,{}
1501476916000,jmeter.latency.avg,31.7986146866,debug-2017-07-30-21-53-50,enum,jsonfacet,s100000_s,{}
1501477100000,jmeter.latency.avg,44.305994169,debug-2017-07-30-21-56-54,enum,jsonfacet,s1000000_s,{}
1501561466000,jmeter.latency.avg,20.2286264875,debug-2017-07-31-21-23-01,dv,jsonfacet,s10_s,{}
1501561651000,jmeter.latency.avg,19.0501030888,debug-2017-07-31-21-26-05,dv,jsonfacet,s100_s,{}
1501561836000,jmeter.latency.avg,20.6216776444,debug-2017-07-31-21-29-10,dv,jsonfacet,s1000_s,{}
1501562021000,jmeter.latency.avg,22.2187347319,debug-2017-07-31-21-32-15,dv,jsonfacet,s10000_s,{}
1501562205000,jmeter.latency.avg,31.8650104416,debug-2017-07-31-21-35-20,dv,jsonfacet,s100000_s,{}
1501562390000,jmeter.latency.avg,45.7996281224,debug-2017-07-31-21-38-24,dv,jsonfacet,s1000000_s,{}
1501562574000,jmeter.latency.avg,19.6131415565,debug-2017-07-31-21-41-28,enum,jsonfacet,s10_s,{}
1501562759000,jmeter.latency.avg,18.7464757691,debug-2017-07-31-21-44-33,enum,jsonfacet,s100_s,{}
1501562943000,jmeter.latency.avg,20.8296747566,debug-2017-07-31-21-47-37,enum,jsonfacet,s1000_s,{}
1501563128000,jmeter.latency.avg,21.8704520885,debug-2017-07-31-21-50-42,enum,jsonfacet,s10000_s,{}
1501563313000,jmeter.latency.avg,31.4194128932,debug-2017-07-31-21-53-47,enum,jsonfacet,s100000_s,{}
1501563497000,jmeter.latency.avg,46.1176879283,debug-2017-07-31-21-56-52,enum,jsonfacet,s1000000_s,{}
1501647875000,jmeter.latency.avg,19.6524653875,debug-2017-08-01-21-23-09,dv,jsonfacet,s10_s,{}
1501648059000,jmeter.latency.avg,18.7625809991,debug-2017-08-01-21-26-13,dv,jsonfacet,s100_s,{}
1501648244000,jmeter.latency.avg,21.3854084245,debug-2017-08-01-21-29-18,dv,jsonfacet,s1000_s,{}
1501648428000,jmeter.latency.avg,24.078900251,debug-2017-08-01-21-32-23,dv,jsonfacet,s10000_s,{}
1501648613000,jmeter.latency.avg,31.7570960286,debug-2017-08-01-21-35-27,dv,jsonfacet,s100000_s,{}
1501648797000,jmeter.latency.avg,44.6660918772,debug-2017-08-01-21-38-32,dv,jsonfacet,s1000000_s,{}
1501648982000,jmeter.latency.avg,19.9667291976,debug-2017-08-01-21-41-36,enum,jsonfacet,s10_s,{}
1501649167000,jmeter.latency.avg,18.8991353573,debug-2017-08-01-21-44-41,enum,jsonfacet,s100_s,{}
1501649351000,jmeter.latency.avg,21.0713146267,debug-2017-08-01-21-47-45,enum,jsonfacet,s1000_s,{}
1501649535000,jmeter.latency.avg,21.9679713862,debug-2017-08-01-21-50-50,enum,jsonfacet,s10000_s,{}
1501649720000,jmeter.latency.avg,31.9022599196,debug-2017-08-01-21-53-54,enum,jsonfacet,s100000_s,{}
1501649904000,jmeter.latency.avg,44.2336816196,debug-2017-08-01-21-56-58,enum,jsonfacet,s1000000_s,{}
1501734268000,jmeter.latency.avg,19.9142652372,debug-2017-08-02-21-23-02,dv,jsonfacet,s10_s,{}
1501734452000,jmeter.latency.avg,18.8272981775,debug-2017-08-02-21-26-07,dv,jsonfacet,s100_s,{}
1501734637000,jmeter.latency.avg,21.1266198398,debug-2017-08-02-21-29-11,dv,jsonfacet,s1000_s,{}
1501734822000,jmeter.latency.avg,22.0927412855,debug-2017-08-02-21-32-16,dv,jsonfacet,s10000_s,{}
1501735006000,jmeter.latency.avg,31.4186968108,debug-2017-08-02-21-35-20,dv,jsonfacet,s100000_s,{}
1501735191000,jmeter.latency.avg,46.6818215565,debug-2017-08-02-21-38-25,dv,jsonfacet,s1000000_s,{}
1501735375000,jmeter.latency.avg,19.8752411879,debug-2017-08-02-21-41-30,enum,jsonfacet,s10_s,{}
1501735560000,jmeter.latency.avg,18.9856054307,debug-2017-08-02-21-44-34,enum,jsonfacet,s100_s,{}
1501735745000,jmeter.latency.avg,20.6518101104,debug-2017-08-02-21-47-39,enum,jsonfacet,s1000_s,{}
1501735929000,jmeter.latency.avg,21.9186499183,debug-2017-08-02-21-50-43,enum,jsonfacet,s10000_s,{}
1501736113000,jmeter.latency.avg,31.7194666823,debug-2017-08-02-21-53-48,enum,jsonfacet,s100000_s,{}
1501736298000,jmeter.latency.avg,44.8974430722,debug-2017-08-02-21-56-52,enum,jsonfacet,s1000000_s,{}
1501820669000,jmeter.latency.avg,20.2315608624,debug-2017-08-03-21-23-03,dv,jsonfacet,s10_s,{}
1501820854000,jmeter.latency.avg,18.932525582,debug-2017-08-03-21-26-08,dv,jsonfacet,s100_s,{}
1501821039000,jmeter.latency.avg,21.0811301993,debug-2017-08-03-21-29-13,dv,jsonfacet,s1000_s,{}
1501821223000,jmeter.latency.avg,21.99816182,debug-2017-08-03-21-32-17,dv,jsonfacet,s10000_s,{}
1501821408000,jmeter.latency.avg,29.5550993205,debug-2017-08-03-21-35-22,dv,jsonfacet,s100000_s,{}
1501821592000,jmeter.latency.avg,43.6778001332,debug-2017-08-03-21-38-26,dv,jsonfacet,s1000000_s,{}
1501821777000,jmeter.latency.avg,20.0338271567,debug-2017-08-03-21-41-31,enum,jsonfacet,s10_s,{}
1501821961000,jmeter.latency.avg,18.9761191226,debug-2017-08-03-21-44-35,enum,jsonfacet,s100_s,{}
1501822146000,jmeter.latency.avg,21.3332676844,debug-2017-08-03-21-47-40,enum,jsonfacet,s1000_s,{}
1501822331000,jmeter.latency.avg,21.9340275059,debug-2017-08-03-21-50-45,enum,jsonfacet,s10000_s,{}
1501822516000,jmeter.latency.avg,29.0746664968,debug-2017-08-03-21-53-50,enum,jsonfacet,s100000_s,{}
1501822700000,jmeter.latency.avg,43.117503315,debug-2017-08-03-21-56-54,enum,jsonfacet,s1000000_s,{}
1501907073000,jmeter.latency.avg,19.8536227781,debug-2017-08-04-21-23-07,dv,jsonfacet,s10_s,{}
1501907258000,jmeter.latency.avg,18.903814474,debug-2017-08-04-21-26-12,dv,jsonfacet,s100_s,{}
1501907442000,jmeter.latency.avg,21.1489634205,debug-2017-08-04-21-29-16,dv,jsonfacet,s1000_s,{}
1501907626000,jmeter.latency.avg,22.2650856097,debug-2017-08-04-21-32-21,dv,jsonfacet,s10000_s,{}
1501907811000,jmeter.latency.avg,31.5555122287,debug-2017-08-04-21-35-25,dv,jsonfacet,s100000_s,{}
1501907995000,jmeter.latency.avg,45.4610703907,debug-2017-08-04-21-38-30,dv,jsonfacet,s1000000_s,{}
1501908180000,jmeter.latency.avg,20.0144588102,debug-2017-08-04-21-41-34,enum,jsonfacet,s10_s,{}
1501908365000,jmeter.latency.avg,18.9407883241,debug-2017-08-04-21-44-39,enum,jsonfacet,s100_s,{}
1501908549000,jmeter.latency.avg,20.7324657031,debug-2017-08-04-21-47-43,enum,jsonfacet,s1000_s,{}
1501908733000,jmeter.latency.avg,22.1604150747,debug-2017-08-04-21-50-48,enum,jsonfacet,s10000_s,{}
1501908918000,jmeter.latency.avg,31.8054993526,debug-2017-08-04-21-53-52,enum,jsonfacet,s100000_s,{}
1501909103000,jmeter.latency.avg,44.636604611,debug-2017-08-04-21-56-57,enum,jsonfacet,s1000000_s,{}
1501993427000,jmeter.latency.avg,20.0167647353,debug-2017-08-05-21-22-22,dv,jsonfacet,s10_s,{}
1501993612000,jmeter.latency.avg,18.8588881663,debug-2017-08-05-21-25-26,dv,jsonfacet,s100_s,{}
1501993797000,jmeter.latency.avg,20.6367770814,debug-2017-08-05-21-28-31,dv,jsonfacet,s1000_s,{}
1501993981000,jmeter.latency.avg,21.8372497643,debug-2017-08-05-21-31-35,dv,jsonfacet,s10000_s,{}
1501994166000,jmeter.latency.avg,31.8239829823,debug-2017-08-05-21-34-40,dv,jsonfacet,s100000_s,{}
1501994350000,jmeter.latency.avg,45.9233307177,debug-2017-08-05-21-37-45,dv,jsonfacet,s1000000_s,{}
1501994535000,jmeter.latency.avg,19.8486225148,debug-2017-08-05-21-40-49,enum,jsonfacet,s10_s,{}
1501994719000,jmeter.latency.avg,18.955901665,debug-2017-08-05-21-43-53,enum,jsonfacet,s100_s,{}
1501994904000,jmeter.latency.avg,21.1037428309,debug-2017-08-05-21-46-58,enum,jsonfacet,s1000_s,{}
1501995088000,jmeter.latency.avg,22.2088841764,debug-2017-08-05-21-50-03,enum,jsonfacet,s10000_s,{}
1501995273000,jmeter.latency.avg,31.5964994849,debug-2017-08-05-21-53-07,enum,jsonfacet,s100000_s,{}
1501995458000,jmeter.latency.avg,42.7409915519,debug-2017-08-05-21-56-12,enum,jsonfacet,s1000000_s,{}
1502079872000,jmeter.latency.avg,19.8043481142,debug-2017-08-06-21-23-06,dv,jsonfacet,s10_s,{}
1502080057000,jmeter.latency.avg,19.3213314897,debug-2017-08-06-21-26-11,dv,jsonfacet,s100_s,{}
1502080241000,jmeter.latency.avg,21.83068416,debug-2017-08-06-21-29-16,dv,jsonfacet,s1000_s,{}
1502080426000,jmeter.latency.avg,22.4381172329,debug-2017-08-06-21-32-20,dv,jsonfacet,s10000_s,{}
1502080611000,jmeter.latency.avg,33.1187716891,debug-2017-08-06-21-35-25,dv,jsonfacet,s100000_s,{}
1502080795000,jmeter.latency.avg,45.9526565748,debug-2017-08-06-21-38-29,dv,jsonfacet,s1000000_s,{}
1502080979000,jmeter.latency.avg,20.3461776226,debug-2017-08-06-21-41-33,enum,jsonfacet,s10_s,{}
1502081164000,jmeter.latency.avg,19.4700149606,debug-2017-08-06-21-44-38,enum,jsonfacet,s100_s,{}
1502081349000,jmeter.latency.avg,23.1821078653,debug-2017-08-06-21-47-43,enum,jsonfacet,s1000_s,{}
1502081533000,jmeter.latency.avg,22.7242140201,debug-2017-08-06-21-50-47,enum,jsonfacet,s10000_s,{}
1502081718000,jmeter.latency.avg,32.7062007808,debug-2017-08-06-21-53-52,enum,jsonfacet,s100000_s,{}
1502081902000,jmeter.latency.avg,45.5546417624,debug-2017-08-06-21-56-56,enum,jsonfacet,s1000000_s,{}
1502166225000,jmeter.latency.avg,20.2175419671,debug-2017-08-07-21-22-19,dv,jsonfacet,s10_s,{}
1502166409000,jmeter.latency.avg,18.9943849956,debug-2017-08-07-21-25-23,dv,jsonfacet,s100_s,{}
1502166594000,jmeter.latency.avg,20.7157183648,debug-2017-08-07-21-28-28,dv,jsonfacet,s1000_s,{}
1502166778000,jmeter.latency.avg,21.689708362,debug-2017-08-07-21-31-32,dv,jsonfacet,s10000_s,{}
1502166962000,jmeter.latency.avg,31.9671099118,debug-2017-08-07-21-34-37,dv,jsonfacet,s100000_s,{}
1502167147000,jmeter.latency.avg,44.6958156526,debug-2017-08-07-21-37-41,dv,jsonfacet,s1000000_s,{}
1502167331000,jmeter.latency.avg,19.949056523,debug-2017-08-07-21-40-46,enum,jsonfacet,s10_s,{}
1502167516000,jmeter.latency.avg,18.8324464993,debug-2017-08-07-21-43-50,enum,jsonfacet,s100_s,{}
1502167701000,jmeter.latency.avg,21.3366990069,debug-2017-08-07-21-46-55,enum,jsonfacet,s1000_s,{}
1502167885000,jmeter.latency.avg,19.7812760614,debug-2017-08-07-21-49-59,enum,jsonfacet,s10000_s,{}
1502168070000,jmeter.latency.avg,31.5490985736,debug-2017-08-07-21-53-04,enum,jsonfacet,s100000_s,{}
1502168254000,jmeter.latency.avg,45.0186084843,debug-2017-08-07-21-56-09,enum,jsonfacet,s1000000_s,{}
1502252669000,jmeter.latency.avg,19.8741829338,debug-2017-08-08-21-23-03,dv,jsonfacet,s10_s,{}
1502252854000,jmeter.latency.avg,18.8014844898,debug-2017-08-08-21-26-08,dv,jsonfacet,s100_s,{}
1502253038000,jmeter.latency.avg,20.8994083299,debug-2017-08-08-21-29-13,dv,jsonfacet,s1000_s,{}
1502253223000,jmeter.latency.avg,21.5697025196,debug-2017-08-08-21-32-17,dv,jsonfacet,s10000_s,{}
1502253408000,jmeter.latency.avg,28.8739435757,debug-2017-08-08-21-35-22,dv,jsonfacet,s100000_s,{}
1502253592000,jmeter.latency.avg,43.2766979291,debug-2017-08-08-21-38-27,dv,jsonfacet,s1000000_s,{}
1502253777000,jmeter.latency.avg,19.8096422462,debug-2017-08-08-21-41-31,enum,jsonfacet,s10_s,{}
1502253962000,jmeter.latency.avg,16.005637178,debug-2017-08-08-21-44-36,enum,jsonfacet,s100_s,{}
1502254146000,jmeter.latency.avg,20.7262712376,debug-2017-08-08-21-47-41,enum,jsonfacet,s1000_s,{}
1502254331000,jmeter.latency.avg,21.2700827966,debug-2017-08-08-21-50-45,enum,jsonfacet,s10000_s,{}
1502254516000,jmeter.latency.avg,28.9453414502,debug-2017-08-08-21-53-50,enum,jsonfacet,s100000_s,{}
1502254700000,jmeter.latency.avg,42.7598111426,debug-2017-08-08-21-56-54,enum,jsonfacet,s1000000_s,{}
1502339031000,jmeter.latency.avg,19.880225427,debug-2017-08-09-21-22-25,dv,jsonfacet,s10_s,{}
1502339216000,jmeter.latency.avg,19.2520480768,debug-2017-08-09-21-25-30,dv,jsonfacet,s100_s,{}
1502339400000,jmeter.latency.avg,20.810755259,debug-2017-08-09-21-28-34,dv,jsonfacet,s1000_s,{}
1502339585000,jmeter.latency.avg,22.2859387121,debug-2017-08-09-21-31-39,dv,jsonfacet,s10000_s,{}
1502339769000,jmeter.latency.avg,31.7682146807,debug-2017-08-09-21-34-44,dv,jsonfacet,s100000_s,{}
1502339954000,jmeter.latency.avg,45.649314167,debug-2017-08-09-21-37-48,dv,jsonfacet,s1000000_s,{}
1502340138000,jmeter.latency.avg,19.685626925,debug-2017-08-09-21-40-53,enum,jsonfacet,s10_s,{}
1502340323000,jmeter.latency.avg,18.9377765396,debug-2017-08-09-21-43-57,enum,jsonfacet,s100_s,{}
1502340508000,jmeter.latency.avg,21.4783843451,debug-2017-08-09-21-47-02,enum,jsonfacet,s1000_s,{}
1502340693000,jmeter.latency.avg,21.383268571,debug-2017-08-09-21-50-07,enum,jsonfacet,s10000_s,{}
1502340877000,jmeter.latency.avg,31.399344105,debug-2017-08-09-21-53-11,enum,jsonfacet,s100000_s,{}
1502341062000,jmeter.latency.avg,45.4598897881,debug-2017-08-09-21-56-16,enum,jsonfacet,s1000000_s,{}
1502425471000,jmeter.latency.avg,19.963950228,debug-2017-08-10-21-23-05,dv,jsonfacet,s10_s,{}
1502425656000,jmeter.latency.avg,18.8158087225,debug-2017-08-10-21-26-10,dv,jsonfacet,s100_s,{}
1502425840000,jmeter.latency.avg,19.400506802,debug-2017-08-10-21-29-15,dv,jsonfacet,s1000_s,{}
1502426025000,jmeter.latency.avg,21.8085025211,debug-2017-08-10-21-32-19,dv,jsonfacet,s10000_s,{}
1502426210000,jmeter.latency.avg,31.6756744976,debug-2017-08-10-21-35-24,dv,jsonfacet,s100000_s,{}
1502426394000,jmeter.latency.avg,46.1494413093,debug-2017-08-10-21-38-28,dv,jsonfacet,s1000000_s,{}
1502426578000,jmeter.latency.avg,19.9146725496,debug-2017-08-10-21-41-33,enum,jsonfacet,s10_s,{}
1502426763000,jmeter.latency.avg,17.3240575122,debug-2017-08-10-21-44-37,enum,jsonfacet,s100_s,{}
1502426948000,jmeter.latency.avg,20.6846258508,debug-2017-08-10-21-47-42,enum,jsonfacet,s1000_s,{}
1502427133000,jmeter.latency.avg,22.1800227707,debug-2017-08-10-21-50-47,enum,jsonfacet,s10000_s,{}
1502427317000,jmeter.latency.avg,31.3510145085,debug-2017-08-10-21-53-51,enum,jsonfacet,s100000_s,{}
1502427502000,jmeter.latency.avg,44.1065689775,debug-2017-08-10-21-56-56,enum,jsonfacet,s1000000_s,{}
1502511827000,jmeter.latency.avg,19.7810850348,debug-2017-08-11-21-22-21,dv,jsonfacet,s10_s,{}
1502512011000,jmeter.latency.avg,18.9071637664,debug-2017-08-11-21-25-25,dv,jsonfacet,s100_s,{}
1502512196000,jmeter.latency.avg,22.3866263698,debug-2017-08-11-21-28-30,dv,jsonfacet,s1000_s,{}
1502512380000,jmeter.latency.avg,21.867300746,debug-2017-08-11-21-31-35,dv,jsonfacet,s10000_s,{}
1502512565000,jmeter.latency.avg,31.7979831431,debug-2017-08-11-21-34-39,dv,jsonfacet,s100000_s,{}
1502512750000,jmeter.latency.avg,45.3773847568,debug-2017-08-11-21-37-44,dv,jsonfacet,s1000000_s,{}
1502512934000,jmeter.latency.avg,19.7190287792,debug-2017-08-11-21-40-48,enum,jsonfacet,s10_s,{}
1502513119000,jmeter.latency.avg,19.1967963382,debug-2017-08-11-21-43-53,enum,jsonfacet,s100_s,{}
1502513303000,jmeter.latency.avg,20.8548975082,debug-2017-08-11-21-46-58,enum,jsonfacet,s1000_s,{}
1502513488000,jmeter.latency.avg,22.076659411,debug-2017-08-11-21-50-02,enum,jsonfacet,s10000_s,{}
1502513672000,jmeter.latency.avg,31.7165726439,debug-2017-08-11-21-53-07,enum,jsonfacet,s100000_s,{}
1502513857000,jmeter.latency.avg,44.3795214035,debug-2017-08-11-21-56-11,enum,jsonfacet,s1000000_s,{}
1502598232000,jmeter.latency.avg,20.0590925677,debug-2017-08-12-21-22-26,dv,jsonfacet,s10_s,{}
1502598417000,jmeter.latency.avg,18.8064148851,debug-2017-08-12-21-25-31,dv,jsonfacet,s100_s,{}
1502598601000,jmeter.latency.avg,21.2053249664,debug-2017-08-12-21-28-36,dv,jsonfacet,s1000_s,{}
1502598786000,jmeter.latency.avg,22.2039059844,debug-2017-08-12-21-31-40,dv,jsonfacet,s10000_s,{}
1502598971000,jmeter.latency.avg,32.158987211,debug-2017-08-12-21-34-45,dv,jsonfacet,s100000_s,{}
1502599155000,jmeter.latency.avg,44.7719857481,debug-2017-08-12-21-37-50,dv,jsonfacet,s1000000_s,{}
1502599340000,jmeter.latency.avg,19.6748905165,debug-2017-08-12-21-40-54,enum,jsonfacet,s10_s,{}
1502599524000,jmeter.latency.avg,18.9731707954,debug-2017-08-12-21-43-58,enum,jsonfacet,s100_s,{}
1502599709000,jmeter.latency.avg,21.6434515074,debug-2017-08-12-21-47-03,enum,jsonfacet,s1000_s,{}
1502599894000,jmeter.latency.avg,20.5925456456,debug-2017-08-12-21-50-08,enum,jsonfacet,s10000_s,{}
1502600078000,jmeter.latency.avg,31.6199042126,debug-2017-08-12-21-53-13,enum,jsonfacet,s100000_s,{}
1502600263000,jmeter.latency.avg,43.7907713936,debug-2017-08-12-21-56-17,enum,jsonfacet,s1000000_s,{}
1502684670000,jmeter.latency.avg,19.8136047933,debug-2017-08-13-21-23-05,dv,jsonfacet,s10_s,{}
1502684855000,jmeter.latency.avg,18.9576179755,debug-2017-08-13-21-26-09,dv,jsonfacet,s100_s,{}
1502685039000,jmeter.latency.avg,21.0602163382,debug-2017-08-13-21-29-14,dv,jsonfacet,s1000_s,{}
1502685224000,jmeter.latency.avg,22.0466144352,debug-2017-08-13-21-32-18,dv,jsonfacet,s10000_s,{}
1502685409000,jmeter.latency.avg,31.4592514039,debug-2017-08-13-21-35-23,dv,jsonfacet,s100000_s,{}
1502685594000,jmeter.latency.avg,45.6956311607,debug-2017-08-13-21-38-28,dv,jsonfacet,s1000000_s,{}
1502685778000,jmeter.latency.avg,20.2633632279,debug-2017-08-13-21-41-32,enum,jsonfacet,s10_s,{}
1502685962000,jmeter.latency.avg,18.8959780396,debug-2017-08-13-21-44-37,enum,jsonfacet,s100_s,{}
1502686147000,jmeter.latency.avg,20.9990651822,debug-2017-08-13-21-47-41,enum,jsonfacet,s1000_s,{}
1502686331000,jmeter.latency.avg,21.6508000592,debug-2017-08-13-21-50-46,enum,jsonfacet,s10000_s,{}
1502686516000,jmeter.latency.avg,29.5607413106,debug-2017-08-13-21-53-50,enum,jsonfacet,s100000_s,{}
1502686700000,jmeter.latency.avg,44.5496950752,debug-2017-08-13-21-56-55,enum,jsonfacet,s1000000_s,{}
1502771067000,jmeter.latency.avg,20.1165249474,debug-2017-08-14-21-23-02,dv,jsonfacet,s10_s,{}
1502771252000,jmeter.latency.avg,19.0924591179,debug-2017-08-14-21-26-06,dv,jsonfacet,s100_s,{}
1502771437000,jmeter.latency.avg,20.9413588741,debug-2017-08-14-21-29-11,dv,jsonfacet,s1000_s,{}
1502771621000,jmeter.latency.avg,21.8993425627,debug-2017-08-14-21-32-16,dv,jsonfacet,s10000_s,{}
1502771806000,jmeter.latency.avg,31.5802480356,debug-2017-08-14-21-35-20,dv,jsonfacet,s100000_s,{}
1502771990000,jmeter.latency.avg,45.1713121264,debug-2017-08-14-21-38-25,dv,jsonfacet,s1000000_s,{}
1502772175000,jmeter.latency.avg,19.5250662433,debug-2017-08-14-21-41-29,enum,jsonfacet,s10_s,{}
1502772360000,jmeter.latency.avg,19.0814000914,debug-2017-08-14-21-44-34,enum,jsonfacet,s100_s,{}
1502772544000,jmeter.latency.avg,23.1522298031,debug-2017-08-14-21-47-38,enum,jsonfacet,s1000_s,{}
1502772728000,jmeter.latency.avg,21.9162207053,debug-2017-08-14-21-50-42,enum,jsonfacet,s10000_s,{}
1502772913000,jmeter.latency.avg,31.8404712954,debug-2017-08-14-21-53-47,enum,jsonfacet,s100000_s,{}
1502773097000,jmeter.latency.avg,44.4347845217,debug-2017-08-14-21-56-52,enum,jsonfacet,s1000000_s,{}
1502857430000,jmeter.latency.avg,20.7788889992,debug-2017-08-15-21-22-25,dv,jsonfacet,s10_s,{}
1502857615000,jmeter.latency.avg,19.1086486297,debug-2017-08-15-21-25-29,dv,jsonfacet,s100_s,{}
1502857800000,jmeter.latency.avg,20.9004855239,debug-2017-08-15-21-28-34,dv,jsonfacet,s1000_s,{}
1502857984000,jmeter.latency.avg,21.8657890288,debug-2017-08-15-21-31-38,dv,jsonfacet,s10000_s,{}
1502858168000,jmeter.latency.avg,29.7538980584,debug-2017-08-15-21-34-43,dv,jsonfacet,s100000_s,{}
1502858353000,jmeter.latency.avg,44.6522977262,debug-2017-08-15-21-37-47,dv,jsonfacet,s1000000_s,{}
1502858538000,jmeter.latency.avg,19.9270714027,debug-2017-08-15-21-40-52,enum,jsonfacet,s10_s,{}
1502858722000,jmeter.latency.avg,18.8713086662,debug-2017-08-15-21-43-56,enum,jsonfacet,s100_s,{}
1502858907000,jmeter.latency.avg,20.9609330432,debug-2017-08-15-21-47-01,enum,jsonfacet,s1000_s,{}
1502859091000,jmeter.latency.avg,21.8811304259,debug-2017-08-15-21-50-05,enum,jsonfacet,s10000_s,{}
1502859276000,jmeter.latency.avg,29.4480985391,debug-2017-08-15-21-53-10,enum,jsonfacet,s100000_s,{}
1502859460000,jmeter.latency.avg,43.1726264685,debug-2017-08-15-21-56-14,enum,jsonfacet,s1000000_s,{}
1502943869000,jmeter.latency.avg,19.6909531382,debug-2017-08-16-21-23-03,dv,jsonfacet,s10_s,{}
1502944053000,jmeter.latency.avg,18.566133764,debug-2017-08-16-21-26-08,dv,jsonfacet,s100_s,{}
1502944238000,jmeter.latency.avg,20.6932611467,debug-2017-08-16-21-29-12,dv,jsonfacet,s1000_s,{}
1502944423000,jmeter.latency.avg,22.1897423985,debug-2017-08-16-21-32-17,dv,jsonfacet,s10000_s,{}
1502944607000,jmeter.latency.avg,31.7688438111,debug-2017-08-16-21-35-21,dv,jsonfacet,s100000_s,{}
1502944792000,jmeter.latency.avg,45.2324504123,debug-2017-08-16-21-38-26,dv,jsonfacet,s1000000_s,{}
1502944976000,jmeter.latency.avg,19.7592317768,debug-2017-08-16-21-41-31,enum,jsonfacet,s10_s,{}
1502945161000,jmeter.latency.avg,18.7936516245,debug-2017-08-16-21-44-35,enum,jsonfacet,s100_s,{}
1502945345000,jmeter.latency.avg,20.8286341738,debug-2017-08-16-21-47-40,enum,jsonfacet,s1000_s,{}
1502945529000,jmeter.latency.avg,22.030288032,debug-2017-08-16-21-50-44,enum,jsonfacet,s10000_s,{}
1502945714000,jmeter.latency.avg,31.632358096,debug-2017-08-16-21-53-48,enum,jsonfacet,s100000_s,{}
1502945899000,jmeter.latency.avg,44.5474174093,debug-2017-08-16-21-56-53,enum,jsonfacet,s1000000_s,{}
1503030276000,jmeter.latency.avg,20.0380637633,debug-2017-08-17-21-23-10,dv,jsonfacet,s10_s,{}
1503030461000,jmeter.latency.avg,18.9249866277,debug-2017-08-17-21-26-15,dv,jsonfacet,s100_s,{}
1503030646000,jmeter.latency.avg,20.9613276173,debug-2017-08-17-21-29-20,dv,jsonfacet,s1000_s,{}
1503030831000,jmeter.latency.avg,22.0541483541,debug-2017-08-17-21-32-25,dv,jsonfacet,s10000_s,{}
1503031016000,jmeter.latency.avg,29.4697844575,debug-2017-08-17-21-35-30,dv,jsonfacet,s100000_s,{}
1503031201000,jmeter.latency.avg,44.6042638309,debug-2017-08-17-21-38-36,dv,jsonfacet,s1000000_s,{}
1503031386000,jmeter.latency.avg,20.1027040476,debug-2017-08-17-21-41-40,enum,jsonfacet,s10_s,{}
1503031571000,jmeter.latency.avg,19.1421715634,debug-2017-08-17-21-44-46,enum,jsonfacet,s100_s,{}
1503031757000,jmeter.latency.avg,21.0072107885,debug-2017-08-17-21-47-51,enum,jsonfacet,s1000_s,{}
1503031942000,jmeter.latency.avg,21.8298897018,debug-2017-08-17-21-50-56,enum,jsonfacet,s10000_s,{}
1503032127000,jmeter.latency.avg,29.0919757537,debug-2017-08-17-21-54-01,enum,jsonfacet,s100000_s,{}
1503032312000,jmeter.latency.avg,44.2011217773,debug-2017-08-17-21-57-07,enum,jsonfacet,s1000000_s,{}
1503116676000,jmeter.latency.avg,19.6520000839,debug-2017-08-18-21-23-10,dv,jsonfacet,s10_s,{}
1503116861000,jmeter.latency.avg,18.9593567311,debug-2017-08-18-21-26-15,dv,jsonfacet,s100_s,{}
1503117046000,jmeter.latency.avg,20.8604715276,debug-2017-08-18-21-29-20,dv,jsonfacet,s1000_s,{}
1503117231000,jmeter.latency.avg,21.910700224,debug-2017-08-18-21-32-25,dv,jsonfacet,s10000_s,{}
1503117416000,jmeter.latency.avg,31.4557936267,debug-2017-08-18-21-35-30,dv,jsonfacet,s100000_s,{}
1503117601000,jmeter.latency.avg,45.4157214515,debug-2017-08-18-21-38-35,dv,jsonfacet,s1000000_s,{}
1503117786000,jmeter.latency.avg,19.7581741659,debug-2017-08-18-21-41-40,enum,jsonfacet,s10_s,{}
1503117971000,jmeter.latency.avg,18.8655037556,debug-2017-08-18-21-44-45,enum,jsonfacet,s100_s,{}
1503118156000,jmeter.latency.avg,20.6636645517,debug-2017-08-18-21-47-50,enum,jsonfacet,s1000_s,{}
1503118341000,jmeter.latency.avg,21.9945537827,debug-2017-08-18-21-50-55,enum,jsonfacet,s10000_s,{}
1503118526000,jmeter.latency.avg,31.749062832,debug-2017-08-18-21-54-00,enum,jsonfacet,s100000_s,{}
1503118711000,jmeter.latency.avg,44.4141899935,debug-2017-08-18-21-57-05,enum,jsonfacet,s1000000_s,{}
1503203030000,jmeter.latency.avg,19.711609773,debug-2017-08-19-21-22-24,dv,jsonfacet,s10_s,{}
1503203215000,jmeter.latency.avg,19.2966212389,debug-2017-08-19-21-25-29,dv,jsonfacet,s100_s,{}
1503203400000,jmeter.latency.avg,21.0378284122,debug-2017-08-19-21-28-34,dv,jsonfacet,s1000_s,{}
1503203585000,jmeter.latency.avg,22.2059173548,debug-2017-08-19-21-31-39,dv,jsonfacet,s10000_s,{}
1503203770000,jmeter.latency.avg,31.5698688526,debug-2017-08-19-21-34-44,dv,jsonfacet,s100000_s,{}
1503203954000,jmeter.latency.avg,45.3052549952,debug-2017-08-19-21-37-49,dv,jsonfacet,s1000000_s,{}
1503204139000,jmeter.latency.avg,19.705694261,debug-2017-08-19-21-40-54,enum,jsonfacet,s10_s,{}
1503204324000,jmeter.latency.avg,18.9298520995,debug-2017-08-19-21-43-59,enum,jsonfacet,s100_s,{}
1503204509000,jmeter.latency.avg,21.8566004004,debug-2017-08-19-21-47-03,enum,jsonfacet,s1000_s,{}
1503204694000,jmeter.latency.avg,24.6079551664,debug-2017-08-19-21-50-08,enum,jsonfacet,s10000_s,{}
1503204879000,jmeter.latency.avg,31.5608127054,debug-2017-08-19-21-53-13,enum,jsonfacet,s100000_s,{}
1503205064000,jmeter.latency.avg,45.9959593435,debug-2017-08-19-21-56-18,enum,jsonfacet,s1000000_s,{}
1503289477000,jmeter.latency.avg,17.9392859027,debug-2017-08-20-21-23-12,dv,jsonfacet,s10_s,{}
1503289662000,jmeter.latency.avg,18.7862396023,debug-2017-08-20-21-26-16,dv,jsonfacet,s100_s,{}
1503289847000,jmeter.latency.avg,22.1673771957,debug-2017-08-20-21-29-21,dv,jsonfacet,s1000_s,{}
1503290032000,jmeter.latency.avg,22.0326520098,debug-2017-08-20-21-32-26,dv,jsonfacet,s10000_s,{}
1503290217000,jmeter.latency.avg,32.4958648476,debug-2017-08-20-21-35-31,dv,jsonfacet,s100000_s,{}
1503290402000,jmeter.latency.avg,43.2750549214,debug-2017-08-20-21-38-36,dv,jsonfacet,s1000000_s,{}
1503290587000,jmeter.latency.avg,19.9616794449,debug-2017-08-20-21-41-41,enum,jsonfacet,s10_s,{}
1503290772000,jmeter.latency.avg,18.7501154701,debug-2017-08-20-21-44-46,enum,jsonfacet,s100_s,{}
1503290957000,jmeter.latency.avg,20.7644074862,debug-2017-08-20-21-47-52,enum,jsonfacet,s1000_s,{}
1503291143000,jmeter.latency.avg,21.6819437048,debug-2017-08-20-21-50-57,enum,jsonfacet,s10000_s,{}
1503291328000,jmeter.latency.avg,32.4156340694,debug-2017-08-20-21-54-02,enum,jsonfacet,s100000_s,{}
1503291513000,jmeter.latency.avg,45.0393356053,debug-2017-08-20-21-57-07,enum,jsonfacet,s1000000_s,{}
1503375833000,jmeter.latency.avg,19.6208035099,debug-2017-08-21-21-22-27,dv,jsonfacet,s10_s,{}
1503376018000,jmeter.latency.avg,18.8362152632,debug-2017-08-21-21-25-32,dv,jsonfacet,s100_s,{}
1503376203000,jmeter.latency.avg,21.0149298748,debug-2017-08-21-21-28-37,dv,jsonfacet,s1000_s,{}
1503376388000,jmeter.latency.avg,22.2612052647,debug-2017-08-21-21-31-42,dv,jsonfacet,s10000_s,{}
1503376572000,jmeter.latency.avg,31.6567353074,debug-2017-08-21-21-34-47,dv,jsonfacet,s100000_s,{}
1503376757000,jmeter.latency.avg,45.5890205318,debug-2017-08-21-21-37-51,dv,jsonfacet,s1000000_s,{}
1503376942000,jmeter.latency.avg,20.0662548858,debug-2017-08-21-21-40-56,enum,jsonfacet,s10_s,{}
1503377127000,jmeter.latency.avg,18.7947539123,debug-2017-08-21-21-44-01,enum,jsonfacet,s100_s,{}
1503377311000,jmeter.latency.avg,21.1196340957,debug-2017-08-21-21-47-06,enum,jsonfacet,s1000_s,{}
1503377496000,jmeter.latency.avg,21.9237458755,debug-2017-08-21-21-50-10,enum,jsonfacet,s10000_s,{}
1503377681000,jmeter.latency.avg,31.8203416711,debug-2017-08-21-21-53-15,enum,jsonfacet,s100000_s,{}
1503377866000,jmeter.latency.avg,44.6276995777,debug-2017-08-21-21-56-20,enum,jsonfacet,s1000000_s,{}
1503462196000,jmeter.latency.avg,20.1092502819,debug-2017-08-22-21-21-50,dv,jsonfacet,s10_s,{}
1503462381000,jmeter.latency.avg,19.4998209154,debug-2017-08-22-21-24-55,dv,jsonfacet,s100_s,{}
1503462565000,jmeter.latency.avg,22.126334213,debug-2017-08-22-21-28-00,dv,jsonfacet,s1000_s,{}
1503462750000,jmeter.latency.avg,22.4894102638,debug-2017-08-22-21-31-04,dv,jsonfacet,s10000_s,{}
1503462935000,jmeter.latency.avg,33.4298315479,debug-2017-08-22-21-34-09,dv,jsonfacet,s100000_s,{}
1503463120000,jmeter.latency.avg,46.0102600916,debug-2017-08-22-21-37-14,dv,jsonfacet,s1000000_s,{}
1503463305000,jmeter.latency.avg,21.7448210894,debug-2017-08-22-21-40-19,enum,jsonfacet,s10_s,{}
1503463489000,jmeter.latency.avg,20.6201977958,debug-2017-08-22-21-43-24,enum,jsonfacet,s100_s,{}
1503463675000,jmeter.latency.avg,21.2921936019,debug-2017-08-22-21-46-29,enum,jsonfacet,s1000_s,{}
1503463860000,jmeter.latency.avg,22.4210478953,debug-2017-08-22-21-49-34,enum,jsonfacet,s10000_s,{}
1503464044000,jmeter.latency.avg,32.984111926,debug-2017-08-22-21-52-39,enum,jsonfacet,s100000_s,{}
1503464229000,jmeter.latency.avg,45.9759597613,debug-2017-08-22-21-55-44,enum,jsonfacet,s1000000_s,{}
1503548592000,jmeter.latency.avg,19.8159221618,debug-2017-08-23-21-21-46,dv,jsonfacet,s10_s,{}
1503548776000,jmeter.latency.avg,19.1243239447,debug-2017-08-23-21-24-50,dv,jsonfacet,s100_s,{}
1503548961000,jmeter.latency.avg,20.7392608796,debug-2017-08-23-21-27-55,dv,jsonfacet,s1000_s,{}
1503549146000,jmeter.latency.avg,22.0373542713,debug-2017-08-23-21-31-00,dv,jsonfacet,s10000_s,{}
1503549331000,jmeter.latency.avg,29.6977537337,debug-2017-08-23-21-34-05,dv,jsonfacet,s100000_s,{}
1503549516000,jmeter.latency.avg,44.5775085522,debug-2017-08-23-21-37-10,dv,jsonfacet,s1000000_s,{}
1503549701000,jmeter.latency.avg,19.7995738143,debug-2017-08-23-21-40-15,enum,jsonfacet,s10_s,{}
1503549886000,jmeter.latency.avg,19.4171403553,debug-2017-08-23-21-43-20,enum,jsonfacet,s100_s,{}
1503550071000,jmeter.latency.avg,20.9129984176,debug-2017-08-23-21-46-25,enum,jsonfacet,s1000_s,{}
1503550256000,jmeter.latency.avg,21.6121472246,debug-2017-08-23-21-49-30,enum,jsonfacet,s10000_s,{}
1503550441000,jmeter.latency.avg,29.6153580072,debug-2017-08-23-21-52-35,enum,jsonfacet,s100000_s,{}
1503550626000,jmeter.latency.avg,44.3733507706,debug-2017-08-23-21-55-40,enum,jsonfacet,s1000000_s,{}
1503635033000,jmeter.latency.avg,19.6752945541,debug-2017-08-24-21-22-27,dv,jsonfacet,s10_s,{}
1503635218000,jmeter.latency.avg,18.8479884679,debug-2017-08-24-21-25-32,dv,jsonfacet,s100_s,{}
1503635403000,jmeter.latency.avg,21.5571447683,debug-2017-08-24-21-28-37,dv,jsonfacet,s1000_s,{}
1503635588000,jmeter.latency.avg,22.0956115713,debug-2017-08-24-21-31-42,dv,jsonfacet,s10000_s,{}
1503635773000,jmeter.latency.avg,31.0120403779,debug-2017-08-24-21-34-47,dv,jsonfacet,s100000_s,{}
1503635957000,jmeter.latency.avg,47.0475130099,debug-2017-08-24-21-37-52,dv,jsonfacet,s1000000_s,{}
1503636142000,jmeter.latency.avg,19.55120653,debug-2017-08-24-21-40-57,enum,jsonfacet,s10_s,{}
1503636327000,jmeter.latency.avg,19.0639459468,debug-2017-08-24-21-44-01,enum,jsonfacet,s100_s,{}
1503636512000,jmeter.latency.avg,21.5421916642,debug-2017-08-24-21-47-06,enum,jsonfacet,s1000_s,{}
1503636697000,jmeter.latency.avg,22.0910760448,debug-2017-08-24-21-50-11,enum,jsonfacet,s10000_s,{}
1503636882000,jmeter.latency.avg,31.8413573292,debug-2017-08-24-21-53-17,enum,jsonfacet,s100000_s,{}
1503637067000,jmeter.latency.avg,45.2354081772,debug-2017-08-24-21-56-22,enum,jsonfacet,s1000000_s,{}
1503721432000,jmeter.latency.avg,20.2694532849,debug-2017-08-25-21-22-26,dv,jsonfacet,s10_s,{}
1503721617000,jmeter.latency.avg,19.0485211516,debug-2017-08-25-21-25-31,dv,jsonfacet,s100_s,{}
1503721802000,jmeter.latency.avg,21.420868434,debug-2017-08-25-21-28-36,dv,jsonfacet,s1000_s,{}
1503721987000,jmeter.latency.avg,21.7632209307,debug-2017-08-25-21-31-41,dv,jsonfacet,s10000_s,{}
1503722172000,jmeter.latency.avg,29.6250273355,debug-2017-08-25-21-34-46,dv,jsonfacet,s100000_s,{}
1503722356000,jmeter.latency.avg,44.1620744553,debug-2017-08-25-21-37-51,dv,jsonfacet,s1000000_s,{}
1503722541000,jmeter.latency.avg,20.0817888911,debug-2017-08-25-21-40-56,enum,jsonfacet,s10_s,{}
1503722726000,jmeter.latency.avg,18.9691453865,debug-2017-08-25-21-44-00,enum,jsonfacet,s100_s,{}
1503722911000,jmeter.latency.avg,20.7452838861,debug-2017-08-25-21-47-05,enum,jsonfacet,s1000_s,{}
1503723096000,jmeter.latency.avg,21.942056214,debug-2017-08-25-21-50-10,enum,jsonfacet,s10000_s,{}
1503723281000,jmeter.latency.avg,30.0448201708,debug-2017-08-25-21-53-15,enum,jsonfacet,s100000_s,{}
1503723466000,jmeter.latency.avg,44.5691424134,debug-2017-08-25-21-56-20,enum,jsonfacet,s1000000_s,{}
1503807833000,jmeter.latency.avg,19.8876246939,debug-2017-08-26-21-22-27,dv,jsonfacet,s10_s,{}
1503808018000,jmeter.latency.avg,18.9385905122,debug-2017-08-26-21-25-32,dv,jsonfacet,s100_s,{}
1503808203000,jmeter.latency.avg,19.5374178158,debug-2017-08-26-21-28-37,dv,jsonfacet,s1000_s,{}
1503808388000,jmeter.latency.avg,22.0619404949,debug-2017-08-26-21-31-42,dv,jsonfacet,s10000_s,{}
1503808573000,jmeter.latency.avg,29.8702903943,debug-2017-08-26-21-34-47,dv,jsonfacet,s100000_s,{}
1503808758000,jmeter.latency.avg,45.3541015023,debug-2017-08-26-21-37-52,dv,jsonfacet,s1000000_s,{}
1503808943000,jmeter.latency.avg,19.614420227,debug-2017-08-26-21-40-57,enum,jsonfacet,s10_s,{}
1503809128000,jmeter.latency.avg,19.1133893135,debug-2017-08-26-21-44-02,enum,jsonfacet,s100_s,{}
1503809313000,jmeter.latency.avg,20.8863213096,debug-2017-08-26-21-47-07,enum,jsonfacet,s1000_s,{}
1503809498000,jmeter.latency.avg,22.1068242772,debug-2017-08-26-21-50-12,enum,jsonfacet,s10000_s,{}
1503809683000,jmeter.latency.avg,31.3173875505,debug-2017-08-26-21-53-17,enum,jsonfacet,s100000_s,{}
1503809868000,jmeter.latency.avg,44.8788060969,debug-2017-08-26-21-56-22,enum,jsonfacet,s1000000_s,{}
1503894276000,jmeter.latency.avg,19.5562389481,debug-2017-08-27-21-23-10,dv,jsonfacet,s10_s,{}
1503894461000,jmeter.latency.avg,18.791651924,debug-2017-08-27-21-26-16,dv,jsonfacet,s100_s,{}
1503894647000,jmeter.latency.avg,21.3642299758,debug-2017-08-27-21-29-21,dv,jsonfacet,s1000_s,{}
1503894831000,jmeter.latency.avg,22.3901712334,debug-2017-08-27-21-32-26,dv,jsonfacet,s10000_s,{}
1503895017000,jmeter.latency.avg,31.8323885741,debug-2017-08-27-21-35-31,dv,jsonfacet,s100000_s,{}
1503895202000,jmeter.latency.avg,44.4031676756,debug-2017-08-27-21-38-36,dv,jsonfacet,s1000000_s,{}
1503895386000,jmeter.latency.avg,19.8299697947,debug-2017-08-27-21-41-41,enum,jsonfacet,s10_s,{}
1503895571000,jmeter.latency.avg,18.9698433377,debug-2017-08-27-21-44-46,enum,jsonfacet,s100_s,{}
1503895756000,jmeter.latency.avg,19.4940770836,debug-2017-08-27-21-47-51,enum,jsonfacet,s1000_s,{}
1503895942000,jmeter.latency.avg,21.842869062,debug-2017-08-27-21-50-56,enum,jsonfacet,s10000_s,{}
1503896126000,jmeter.latency.avg,31.7803903634,debug-2017-08-27-21-54-00,enum,jsonfacet,s100000_s,{}
1503896312000,jmeter.latency.avg,44.6868865103,debug-2017-08-27-21-57-06,enum,jsonfacet,s1000000_s,{}
1503980634000,jmeter.latency.avg,19.588828975,debug-2017-08-28-21-22-28,dv,jsonfacet,s10_s,{}
1503980819000,jmeter.latency.avg,19.0717585611,debug-2017-08-28-21-25-33,dv,jsonfacet,s100_s,{}
1503981004000,jmeter.latency.avg,21.4569985154,debug-2017-08-28-21-28-38,dv,jsonfacet,s1000_s,{}
1503981189000,jmeter.latency.avg,20.6556479468,debug-2017-08-28-21-31-43,dv,jsonfacet,s10000_s,{}
1503981374000,jmeter.latency.avg,30.988941516,debug-2017-08-28-21-34-49,dv,jsonfacet,s100000_s,{}
1503981559000,jmeter.latency.avg,45.4978690107,debug-2017-08-28-21-37-53,dv,jsonfacet,s1000000_s,{}
1503981744000,jmeter.latency.avg,19.8589432843,debug-2017-08-28-21-40-58,enum,jsonfacet,s10_s,{}
1503981929000,jmeter.latency.avg,18.9491155415,debug-2017-08-28-21-44-03,enum,jsonfacet,s100_s,{}
1503982114000,jmeter.latency.avg,21.1035496221,debug-2017-08-28-21-47-08,enum,jsonfacet,s1000_s,{}
1503982299000,jmeter.latency.avg,22.1972878734,debug-2017-08-28-21-50-13,enum,jsonfacet,s10000_s,{}
1503982484000,jmeter.latency.avg,30.8413348747,debug-2017-08-28-21-53-18,enum,jsonfacet,s100000_s,{}
1503982669000,jmeter.latency.avg,45.0795919366,debug-2017-08-28-21-56-23,enum,jsonfacet,s1000000_s,{}
1504066994000,jmeter.latency.avg,20.0175820436,debug-2017-08-29-21-21-48,dv,jsonfacet,s10_s,{}
1504067178000,jmeter.latency.avg,19.0276839225,debug-2017-08-29-21-24-53,dv,jsonfacet,s100_s,{}
1504067364000,jmeter.latency.avg,20.4634626313,debug-2017-08-29-21-27-58,dv,jsonfacet,s1000_s,{}
1504067548000,jmeter.latency.avg,21.8423307112,debug-2017-08-29-21-31-03,dv,jsonfacet,s10000_s,{}
1504067734000,jmeter.latency.avg,30.1410341554,debug-2017-08-29-21-34-08,dv,jsonfacet,s100000_s,{}
1504067919000,jmeter.latency.avg,45.4231256891,debug-2017-08-29-21-37-13,dv,jsonfacet,s1000000_s,{}
1504068104000,jmeter.latency.avg,20.3172710101,debug-2017-08-29-21-40-18,enum,jsonfacet,s10_s,{}
1504068289000,jmeter.latency.avg,19.0923343515,debug-2017-08-29-21-43-23,enum,jsonfacet,s100_s,{}
1504068474000,jmeter.latency.avg,21.5630554133,debug-2017-08-29-21-46-28,enum,jsonfacet,s1000_s,{}
1504068659000,jmeter.latency.avg,21.8395499268,debug-2017-08-29-21-49-33,enum,jsonfacet,s10000_s,{}
1504068844000,jmeter.latency.avg,30.0363638143,debug-2017-08-29-21-52-38,enum,jsonfacet,s100000_s,{}
1504069029000,jmeter.latency.avg,43.847051804,debug-2017-08-29-21-55-43,enum,jsonfacet,s1000000_s,{}
1504153436000,jmeter.latency.avg,19.8984656713,debug-2017-08-30-21-22-30,dv,jsonfacet,s10_s,{}
1504153620000,jmeter.latency.avg,19.8107706973,debug-2017-08-30-21-25-35,dv,jsonfacet,s100_s,{}
1504153805000,jmeter.latency.avg,20.6155989758,debug-2017-08-30-21-28-39,dv,jsonfacet,s1000_s,{}
1504153990000,jmeter.latency.avg,22.0856133972,debug-2017-08-30-21-31-44,dv,jsonfacet,s10000_s,{}
1504154174000,jmeter.latency.avg,31.6742761926,debug-2017-08-30-21-34-49,dv,jsonfacet,s100000_s,{}
1504154359000,jmeter.latency.avg,45.7050990603,debug-2017-08-30-21-37-53,dv,jsonfacet,s1000000_s,{}
1504154544000,jmeter.latency.avg,19.5976992142,debug-2017-08-30-21-40-58,enum,jsonfacet,s10_s,{}
1504154729000,jmeter.latency.avg,18.9413708026,debug-2017-08-30-21-44-03,enum,jsonfacet,s100_s,{}
1504154914000,jmeter.latency.avg,20.7538197311,debug-2017-08-30-21-47-08,enum,jsonfacet,s1000_s,{}
1504155099000,jmeter.latency.avg,21.9775160802,debug-2017-08-30-21-50-13,enum,jsonfacet,s10000_s,{}
1504155284000,jmeter.latency.avg,31.8958277399,debug-2017-08-30-21-53-18,enum,jsonfacet,s100000_s,{}
1504155469000,jmeter.latency.avg,45.3915062158,debug-2017-08-30-21-56-23,enum,jsonfacet,s1000000_s,{}
1504239835000,jmeter.latency.avg,20.2277558996,debug-2017-08-31-21-22-30,dv,jsonfacet,s10_s,{}
1504240020000,jmeter.latency.avg,18.8562331632,debug-2017-08-31-21-25-35,dv,jsonfacet,s100_s,{}
1504240205000,jmeter.latency.avg,22.5810147723,debug-2017-08-31-21-28-40,dv,jsonfacet,s1000_s,{}
1504240390000,jmeter.latency.avg,24.3783326011,debug-2017-08-31-21-31-44,dv,jsonfacet,s10000_s,{}
1504240575000,jmeter.latency.avg,33.7943991404,debug-2017-08-31-21-34-49,dv,jsonfacet,s100000_s,{}
1504240760000,jmeter.latency.avg,45.9936528323,debug-2017-08-31-21-37-54,dv,jsonfacet,s1000000_s,{}
1504240945000,jmeter.latency.avg,20.2165812393,debug-2017-08-31-21-40-59,enum,jsonfacet,s10_s,{}
1504241129000,jmeter.latency.avg,16.438670953,debug-2017-08-31-21-44-04,enum,jsonfacet,s100_s,{}
1504241314000,jmeter.latency.avg,20.937825549,debug-2017-08-31-21-47-09,enum,jsonfacet,s1000_s,{}
1504241499000,jmeter.latency.avg,23.938360501,debug-2017-08-31-21-50-14,enum,jsonfacet,s10000_s,{}
1504241685000,jmeter.latency.avg,33.4757916226,debug-2017-08-31-21-53-19,enum,jsonfacet,s100000_s,{}
1504241870000,jmeter.latency.avg,45.4914879637,debug-2017-08-31-21-56-24,enum,jsonfacet,s1000000_s,{}
1504326276000,jmeter.latency.avg,19.9848359009,debug-2017-09-01-21-23-10,dv,jsonfacet,s10_s,{}
1504326461000,jmeter.latency.avg,18.9016886422,debug-2017-09-01-21-26-15,dv,jsonfacet,s100_s,{}
1504326646000,jmeter.latency.avg,20.5240284397,debug-2017-09-01-21-29-20,dv,jsonfacet,s1000_s,{}
1504326831000,jmeter.latency.avg,21.8907612382,debug-2017-09-01-21-32-25,dv,jsonfacet,s10000_s,{}
1504327016000,jmeter.latency.avg,29.6644844965,debug-2017-09-01-21-35-30,dv,jsonfacet,s100000_s,{}
1504327201000,jmeter.latency.avg,43.6308342943,debug-2017-09-01-21-38-35,dv,jsonfacet,s1000000_s,{}
1504327386000,jmeter.latency.avg,19.6785343858,debug-2017-09-01-21-41-40,enum,jsonfacet,s10_s,{}
1504327571000,jmeter.latency.avg,18.3670019573,debug-2017-09-01-21-44-45,enum,jsonfacet,s100_s,{}
1504327755000,jmeter.latency.avg,20.3791943528,debug-2017-09-01-21-47-50,enum,jsonfacet,s1000_s,{}
1504327940000,jmeter.latency.avg,21.4461349532,debug-2017-09-01-21-50-55,enum,jsonfacet,s10000_s,{}
1504328125000,jmeter.latency.avg,29.3538488572,debug-2017-09-01-21-53-59,enum,jsonfacet,s100000_s,{}
1504328310000,jmeter.latency.avg,43.2068007695,debug-2017-09-01-21-57-04,enum,jsonfacet,s1000000_s,{}
1504412598000,jmeter.latency.avg,20.1520788599,debug-2017-09-02-21-21-52,dv,jsonfacet,s10_s,{}
1504412783000,jmeter.latency.avg,18.8941175614,debug-2017-09-02-21-24-57,dv,jsonfacet,s100_s,{}
1504412968000,jmeter.latency.avg,21.551259427,debug-2017-09-02-21-28-02,dv,jsonfacet,s1000_s,{}
1504413152000,jmeter.latency.avg,22.5354012423,debug-2017-09-02-21-31-07,dv,jsonfacet,s10000_s,{}
1504413337000,jmeter.latency.avg,32.7287905429,debug-2017-09-02-21-34-12,dv,jsonfacet,s100000_s,{}
1504413522000,jmeter.latency.avg,49.1183313337,debug-2017-09-02-21-37-16,dv,jsonfacet,s1000000_s,{}
1504413707000,jmeter.latency.avg,20.1792775369,debug-2017-09-02-21-40-21,enum,jsonfacet,s10_s,{}
1504413892000,jmeter.latency.avg,19.4867779522,debug-2017-09-02-21-43-26,enum,jsonfacet,s100_s,{}
1504414077000,jmeter.latency.avg,21.9720481542,debug-2017-09-02-21-46-31,enum,jsonfacet,s1000_s,{}
1504414262000,jmeter.latency.avg,22.3246404634,debug-2017-09-02-21-49-36,enum,jsonfacet,s10000_s,{}
1504414447000,jmeter.latency.avg,32.1314594841,debug-2017-09-02-21-52-41,enum,jsonfacet,s100000_s,{}
1504414632000,jmeter.latency.avg,45.6975125341,debug-2017-09-02-21-55-46,enum,jsonfacet,s1000000_s,{}
1504499075000,jmeter.latency.avg,19.9719789761,debug-2017-09-03-21-23-09,dv,jsonfacet,s10_s,{}
1504499260000,jmeter.latency.avg,18.8355381019,debug-2017-09-03-21-26-14,dv,jsonfacet,s100_s,{}
1504499445000,jmeter.latency.avg,20.8630829881,debug-2017-09-03-21-29-19,dv,jsonfacet,s1000_s,{}
1504499630000,jmeter.latency.avg,21.7594637087,debug-2017-09-03-21-32-24,dv,jsonfacet,s10000_s,{}
1504499815000,jmeter.latency.avg,31.8991042553,debug-2017-09-03-21-35-29,dv,jsonfacet,s100000_s,{}
1504500000000,jmeter.latency.avg,44.8222793334,debug-2017-09-03-21-38-34,dv,jsonfacet,s1000000_s,{}
1504500185000,jmeter.latency.avg,20.3835921452,debug-2017-09-03-21-41-39,enum,jsonfacet,s10_s,{}
1504500370000,jmeter.latency.avg,18.744279043,debug-2017-09-03-21-44-44,enum,jsonfacet,s100_s,{}
1504500554000,jmeter.latency.avg,20.9818853853,debug-2017-09-03-21-47-49,enum,jsonfacet,s1000_s,{}
1504500739000,jmeter.latency.avg,19.900244477,debug-2017-09-03-21-50-53,enum,jsonfacet,s10000_s,{}
1504500924000,jmeter.latency.avg,31.9934711994,debug-2017-09-03-21-53-58,enum,jsonfacet,s100000_s,{}
1504501109000,jmeter.latency.avg,43.6418946795,debug-2017-09-03-21-57-03,enum,jsonfacet,s1000000_s,{}
1504585436000,jmeter.latency.avg,19.9661447118,debug-2017-09-04-21-22-30,dv,jsonfacet,s10_s,{}
1504585621000,jmeter.latency.avg,18.8979390815,debug-2017-09-04-21-25-35,dv,jsonfacet,s100_s,{}
1504585806000,jmeter.latency.avg,20.9031984382,debug-2017-09-04-21-28-40,dv,jsonfacet,s1000_s,{}
1504585991000,jmeter.latency.avg,21.8712701163,debug-2017-09-04-21-31-45,dv,jsonfacet,s10000_s,{}
1504586176000,jmeter.latency.avg,31.4539597462,debug-2017-09-04-21-34-50,dv,jsonfacet,s100000_s,{}
1504586361000,jmeter.latency.avg,45.4624331131,debug-2017-09-04-21-37-55,dv,jsonfacet,s1000000_s,{}
1504586546000,jmeter.latency.avg,19.6050733372,debug-2017-09-04-21-41-00,enum,jsonfacet,s10_s,{}
1504586731000,jmeter.latency.avg,18.8056086452,debug-2017-09-04-21-44-05,enum,jsonfacet,s100_s,{}
1504586916000,jmeter.latency.avg,21.056591281,debug-2017-09-04-21-47-10,enum,jsonfacet,s1000_s,{}
1504587101000,jmeter.latency.avg,21.7156743818,debug-2017-09-04-21-50-15,enum,jsonfacet,s10000_s,{}
1504587286000,jmeter.latency.avg,31.5514265945,debug-2017-09-04-21-53-20,enum,jsonfacet,s100000_s,{}
1504587471000,jmeter.latency.avg,43.8355198193,debug-2017-09-04-21-56-25,enum,jsonfacet,s1000000_s,{}
1504671843000,jmeter.latency.avg,20.0040182424,debug-2017-09-05-21-22-37,dv,jsonfacet,s10_s,{}
1504672028000,jmeter.latency.avg,19.3196927804,debug-2017-09-05-21-25-42,dv,jsonfacet,s100_s,{}
1504672213000,jmeter.latency.avg,23.0179876724,debug-2017-09-05-21-28-47,dv,jsonfacet,s1000_s,{}
1504672398000,jmeter.latency.avg,22.3348274628,debug-2017-09-05-21-31-52,dv,jsonfacet,s10000_s,{}
1504672583000,jmeter.latency.avg,31.313491804,debug-2017-09-05-21-34-57,dv,jsonfacet,s100000_s,{}
1504672768000,jmeter.latency.avg,44.9580410351,debug-2017-09-05-21-38-02,dv,jsonfacet,s1000000_s,{}
1504672953000,jmeter.latency.avg,19.6702159143,debug-2017-09-05-21-41-07,enum,jsonfacet,s10_s,{}
1504673138000,jmeter.latency.avg,19.4970262762,debug-2017-09-05-21-44-12,enum,jsonfacet,s100_s,{}
1504673323000,jmeter.latency.avg,22.4412682245,debug-2017-09-05-21-47-17,enum,jsonfacet,s1000_s,{}
1504673508000,jmeter.latency.avg,21.9403906807,debug-2017-09-05-21-50-22,enum,jsonfacet,s10000_s,{}
1504673693000,jmeter.latency.avg,30.4385063089,debug-2017-09-05-21-53-27,enum,jsonfacet,s100000_s,{}
1504673878000,jmeter.latency.avg,44.5490090308,debug-2017-09-05-21-56-32,enum,jsonfacet,s1000000_s,{}
1504844636000,jmeter.latency.avg,19.682981709,debug-2017-09-07-21-22-30,dv,jsonfacet,s10_s,{}
1504844821000,jmeter.latency.avg,18.7370480096,debug-2017-09-07-21-25-35,dv,jsonfacet,s100_s,{}
1504845006000,jmeter.latency.avg,21.4785905332,debug-2017-09-07-21-28-40,dv,jsonfacet,s1000_s,{}
1504845191000,jmeter.latency.avg,21.7450487387,debug-2017-09-07-21-31-45,dv,jsonfacet,s10000_s,{}
1504845376000,jmeter.latency.avg,29.3503863762,debug-2017-09-07-21-34-50,dv,jsonfacet,s100000_s,{}
1504845561000,jmeter.latency.avg,45.2174530128,debug-2017-09-07-21-37-55,dv,jsonfacet,s1000000_s,{}
1504845746000,jmeter.latency.avg,20.5357580268,debug-2017-09-07-21-41-00,enum,jsonfacet,s10_s,{}
1504845931000,jmeter.latency.avg,18.9135840817,debug-2017-09-07-21-44-05,enum,jsonfacet,s100_s,{}
1504846115000,jmeter.latency.avg,20.9744378639,debug-2017-09-07-21-47-09,enum,jsonfacet,s1000_s,{}
1504846300000,jmeter.latency.avg,24.7659962632,debug-2017-09-07-21-50-14,enum,jsonfacet,s10000_s,{}
1504846485000,jmeter.latency.avg,29.751229799,debug-2017-09-07-21-53-19,enum,jsonfacet,s100000_s,{}
1504846670000,jmeter.latency.avg,43.6622586989,debug-2017-09-07-21-56-24,enum,jsonfacet,s1000000_s,{}
1504931078000,jmeter.latency.avg,20.029818246,debug-2017-09-08-21-23-13,dv,jsonfacet,s10_s,{}
1504931263000,jmeter.latency.avg,18.7830403583,debug-2017-09-08-21-26-17,dv,jsonfacet,s100_s,{}
1504931448000,jmeter.latency.avg,20.7619883871,debug-2017-09-08-21-29-22,dv,jsonfacet,s1000_s,{}
1504931633000,jmeter.latency.avg,21.9629181564,debug-2017-09-08-21-32-27,dv,jsonfacet,s10000_s,{}
1504931818000,jmeter.latency.avg,31.9866603557,debug-2017-09-08-21-35-32,dv,jsonfacet,s100000_s,{}
1504932002000,jmeter.latency.avg,44.7437882043,debug-2017-09-08-21-38-37,dv,jsonfacet,s1000000_s,{}
1504932187000,jmeter.latency.avg,19.9046958164,debug-2017-09-08-21-41-41,enum,jsonfacet,s10_s,{}
1504932372000,jmeter.latency.avg,18.9145449059,debug-2017-09-08-21-44-46,enum,jsonfacet,s100_s,{}
1504932557000,jmeter.latency.avg,21.5011690806,debug-2017-09-08-21-47-51,enum,jsonfacet,s1000_s,{}
1504932742000,jmeter.latency.avg,21.9805669132,debug-2017-09-08-21-50-56,enum,jsonfacet,s10000_s,{}
1504932927000,jmeter.latency.avg,32.2187134343,debug-2017-09-08-21-54-01,enum,jsonfacet,s100000_s,{}
1504933112000,jmeter.latency.avg,45.9314177452,debug-2017-09-08-21-57-06,enum,jsonfacet,s1000000_s,{}
1505017474000,jmeter.latency.avg,20.1245384601,debug-2017-09-09-21-23-08,dv,jsonfacet,s10_s,{}
1505017659000,jmeter.latency.avg,19.3179772677,debug-2017-09-09-21-26-13,dv,jsonfacet,s100_s,{}
1505017844000,jmeter.latency.avg,23.0940435944,debug-2017-09-09-21-29-18,dv,jsonfacet,s1000_s,{}
1505018029000,jmeter.latency.avg,22.9416002467,debug-2017-09-09-21-32-23,dv,jsonfacet,s10000_s,{}
1505018214000,jmeter.latency.avg,35.152656622,debug-2017-09-09-21-35-28,dv,jsonfacet,s100000_s,{}
1505018399000,jmeter.latency.avg,48.918588106,debug-2017-09-09-21-38-33,dv,jsonfacet,s1000000_s,{}
1505018584000,jmeter.latency.avg,20.1315489614,debug-2017-09-09-21-41-38,enum,jsonfacet,s10_s,{}
1505018768000,jmeter.latency.avg,19.3611676879,debug-2017-09-09-21-44-43,enum,jsonfacet,s100_s,{}
1505018953000,jmeter.latency.avg,23.4694774765,debug-2017-09-09-21-47-48,enum,jsonfacet,s1000_s,{}
1505019138000,jmeter.latency.avg,22.5117366618,debug-2017-09-09-21-50-53,enum,jsonfacet,s10000_s,{}
1505019323000,jmeter.latency.avg,34.1172230072,debug-2017-09-09-21-53-57,enum,jsonfacet,s100000_s,{}
1505019508000,jmeter.latency.avg,47.7432348285,debug-2017-09-09-21-57-02,enum,jsonfacet,s1000000_s,{}
1505103833000,jmeter.latency.avg,19.7548295375,debug-2017-09-10-21-22-27,dv,jsonfacet,s10_s,{}
1505104018000,jmeter.latency.avg,18.9013769505,debug-2017-09-10-21-25-32,dv,jsonfacet,s100_s,{}
1505104202000,jmeter.latency.avg,21.2053992435,debug-2017-09-10-21-28-37,dv,jsonfacet,s1000_s,{}
1505104386000,jmeter.latency.avg,21.8916697436,debug-2017-09-10-21-31-41,dv,jsonfacet,s10000_s,{}
1505104571000,jmeter.latency.avg,31.6594300135,debug-2017-09-10-21-34-45,dv,jsonfacet,s100000_s,{}
1505104756000,jmeter.latency.avg,45.569916452,debug-2017-09-10-21-37-50,dv,jsonfacet,s1000000_s,{}
1505104940000,jmeter.latency.avg,19.684448833,debug-2017-09-10-21-40-54,enum,jsonfacet,s10_s,{}
1505105125000,jmeter.latency.avg,19.1229180515,debug-2017-09-10-21-43-59,enum,jsonfacet,s100_s,{}
1505105309000,jmeter.latency.avg,21.3739314934,debug-2017-09-10-21-47-03,enum,jsonfacet,s1000_s,{}
1505105494000,jmeter.latency.avg,22.0100505872,debug-2017-09-10-21-50-08,enum,jsonfacet,s10000_s,{}
1505105679000,jmeter.latency.avg,31.2277921549,debug-2017-09-10-21-53-13,enum,jsonfacet,s100000_s,{}
1505105863000,jmeter.latency.avg,45.4707414739,debug-2017-09-10-21-56-18,enum,jsonfacet,s1000000_s,{}
1505190278000,jmeter.latency.avg,20.0837592629,debug-2017-09-11-21-23-12,dv,jsonfacet,s10_s,{}
1505190463000,jmeter.latency.avg,18.8828164468,debug-2017-09-11-21-26-17,dv,jsonfacet,s100_s,{}
1505190648000,jmeter.latency.avg,21.1756785164,debug-2017-09-11-21-29-22,dv,jsonfacet,s1000_s,{}
1505190833000,jmeter.latency.avg,22.2424822524,debug-2017-09-11-21-32-27,dv,jsonfacet,s10000_s,{}
1505191017000,jmeter.latency.avg,31.6683582826,debug-2017-09-11-21-35-32,dv,jsonfacet,s100000_s,{}
1505191202000,jmeter.latency.avg,45.5232608694,debug-2017-09-11-21-38-37,dv,jsonfacet,s1000000_s,{}
1505191387000,jmeter.latency.avg,19.7093294854,debug-2017-09-11-21-41-42,enum,jsonfacet,s10_s,{}
1505191572000,jmeter.latency.avg,18.8824624815,debug-2017-09-11-21-44-46,enum,jsonfacet,s100_s,{}
1505191757000,jmeter.latency.avg,21.0646895488,debug-2017-09-11-21-47-51,enum,jsonfacet,s1000_s,{}
1505191942000,jmeter.latency.avg,21.6815852669,debug-2017-09-11-21-50-56,enum,jsonfacet,s10000_s,{}
1505192127000,jmeter.latency.avg,32.108269293,debug-2017-09-11-21-54-01,enum,jsonfacet,s100000_s,{}
1505192312000,jmeter.latency.avg,45.7004858756,debug-2017-09-11-21-57-06,enum,jsonfacet,s1000000_s,{}
1505276671000,jmeter.latency.avg,20.115748899,debug-2017-09-12-21-23-05,dv,jsonfacet,s10_s,{}
1505277042000,jmeter.latency.avg,20.5646474664,debug-2017-09-12-21-29-18,dv,jsonfacet,s1000_s,{}
1505277227000,jmeter.latency.avg,21.9322679726,debug-2017-09-12-21-32-21,dv,jsonfacet,s10000_s,{}
1505277412000,jmeter.latency.avg,32.1918555686,debug-2017-09-12-21-35-26,dv,jsonfacet,s100000_s,{}
1505277597000,jmeter.latency.avg,45.3806289692,debug-2017-09-12-21-38-31,dv,jsonfacet,s1000000_s,{}
1505277782000,jmeter.latency.avg,20.1216300805,debug-2017-09-12-21-41-36,enum,jsonfacet,s10_s,{}
1505277966000,jmeter.latency.avg,19.0825154763,debug-2017-09-12-21-44-41,enum,jsonfacet,s100_s,{}
1505278152000,jmeter.latency.avg,20.8381561937,debug-2017-09-12-21-47-46,enum,jsonfacet,s1000_s,{}
1505278337000,jmeter.latency.avg,23.8818763583,debug-2017-09-12-21-50-51,enum,jsonfacet,s10000_s,{}
1505278521000,jmeter.latency.avg,31.1712045352,debug-2017-09-12-21-53-56,enum,jsonfacet,s100000_s,{}
1505278706000,jmeter.latency.avg,44.4243892868,debug-2017-09-12-21-57-00,enum,jsonfacet,s1000000_s,{}
1505363077000,jmeter.latency.avg,19.6011529705,debug-2017-09-13-21-23-11,dv,jsonfacet,s10_s,{}
1505363261000,jmeter.latency.avg,18.7805052251,debug-2017-09-13-21-26-16,dv,jsonfacet,s100_s,{}
1505363446000,jmeter.latency.avg,21.3445600536,debug-2017-09-13-21-29-20,dv,jsonfacet,s1000_s,{}
1505363631000,jmeter.latency.avg,21.9922880908,debug-2017-09-13-21-32-25,dv,jsonfacet,s10000_s,{}
1505363816000,jmeter.latency.avg,31.5930223126,debug-2017-09-13-21-35-30,dv,jsonfacet,s100000_s,{}
1505364001000,jmeter.latency.avg,44.1096753653,debug-2017-09-13-21-38-35,dv,jsonfacet,s1000000_s,{}
1505364186000,jmeter.latency.avg,19.8169899018,debug-2017-09-13-21-41-40,enum,jsonfacet,s10_s,{}
1505364371000,jmeter.latency.avg,19.2325863487,debug-2017-09-13-21-44-45,enum,jsonfacet,s100_s,{}
1505364556000,jmeter.latency.avg,21.0318988637,debug-2017-09-13-21-47-50,enum,jsonfacet,s1000_s,{}
1505364741000,jmeter.latency.avg,21.744926101,debug-2017-09-13-21-50-55,enum,jsonfacet,s10000_s,{}
1505364926000,jmeter.latency.avg,31.5757582695,debug-2017-09-13-21-54-00,enum,jsonfacet,s100000_s,{}
1505365111000,jmeter.latency.avg,45.5055303728,debug-2017-09-13-21-57-06,enum,jsonfacet,s1000000_s,{}
1505449441000,jmeter.latency.avg,22.1779735188,debug-2017-09-14-21-22-35,dv,jsonfacet,s10_s,{}
1505449626000,jmeter.latency.avg,20.514642163,debug-2017-09-14-21-25-40,dv,jsonfacet,s100_s,{}
1505449811000,jmeter.latency.avg,22.8630321356,debug-2017-09-14-21-28-45,dv,jsonfacet,s1000_s,{}
1505449995000,jmeter.latency.avg,24.2949269475,debug-2017-09-14-21-31-50,dv,jsonfacet,s10000_s,{}
1505450180000,jmeter.latency.avg,32.3689455699,debug-2017-09-14-21-34-54,dv,jsonfacet,s100000_s,{}
1505450365000,jmeter.latency.avg,47.9429150096,debug-2017-09-14-21-37-59,dv,jsonfacet,s1000000_s,{}
1505450549000,jmeter.latency.avg,21.4524169333,debug-2017-09-14-21-41-04,enum,jsonfacet,s10_s,{}
1505450734000,jmeter.latency.avg,20.552709207,debug-2017-09-14-21-44-08,enum,jsonfacet,s100_s,{}
1505450919000,jmeter.latency.avg,22.9828357114,debug-2017-09-14-21-47-13,enum,jsonfacet,s1000_s,{}
1505451103000,jmeter.latency.avg,22.5395358412,debug-2017-09-14-21-50-17,enum,jsonfacet,s10000_s,{}
1505451288000,jmeter.latency.avg,34.707472459,debug-2017-09-14-21-53-22,enum,jsonfacet,s100000_s,{}
1505451473000,jmeter.latency.avg,46.6565354675,debug-2017-09-14-21-56-27,enum,jsonfacet,s1000000_s,{}
1505535835000,jmeter.latency.avg,19.5856698804,debug-2017-09-15-21-22-29,dv,jsonfacet,s10_s,{}
1505536019000,jmeter.latency.avg,18.9992420649,debug-2017-09-15-21-25-34,dv,jsonfacet,s100_s,{}
1505536204000,jmeter.latency.avg,21.1970525498,debug-2017-09-15-21-28-39,dv,jsonfacet,s1000_s,{}
1505536389000,jmeter.latency.avg,21.8358507838,debug-2017-09-15-21-31-43,dv,jsonfacet,s10000_s,{}
1505536574000,jmeter.latency.avg,31.5192530269,debug-2017-09-15-21-34-48,dv,jsonfacet,s100000_s,{}
1505536758000,jmeter.latency.avg,45.102809807,debug-2017-09-15-21-37-53,dv,jsonfacet,s1000000_s,{}
1505536943000,jmeter.latency.avg,19.7158683736,debug-2017-09-15-21-40-57,enum,jsonfacet,s10_s,{}
1505537127000,jmeter.latency.avg,19.0814194422,debug-2017-09-15-21-44-02,enum,jsonfacet,s100_s,{}
1505537312000,jmeter.latency.avg,21.1992875144,debug-2017-09-15-21-47-06,enum,jsonfacet,s1000_s,{}
1505537497000,jmeter.latency.avg,21.991579428,debug-2017-09-15-21-50-11,enum,jsonfacet,s10000_s,{}
1505537682000,jmeter.latency.avg,31.6498972855,debug-2017-09-15-21-53-16,enum,jsonfacet,s100000_s,{}
1505537867000,jmeter.latency.avg,45.2410465563,debug-2017-09-15-21-56-21,enum,jsonfacet,s1000000_s,{}
1505622236000,jmeter.latency.avg,19.5995645738,debug-2017-09-16-21-22-30,dv,jsonfacet,s10_s,{}
1505622421000,jmeter.latency.avg,19.1004612666,debug-2017-09-16-21-25-35,dv,jsonfacet,s100_s,{}
1505622605000,jmeter.latency.avg,21.2749723127,debug-2017-09-16-21-28-39,dv,jsonfacet,s1000_s,{}
1505622790000,jmeter.latency.avg,21.9748783682,debug-2017-09-16-21-31-44,dv,jsonfacet,s10000_s,{}
1505622974000,jmeter.latency.avg,31.8172507402,debug-2017-09-16-21-34-48,dv,jsonfacet,s100000_s,{}
1505623159000,jmeter.latency.avg,43.55972435,debug-2017-09-16-21-37-53,dv,jsonfacet,s1000000_s,{}
1505623343000,jmeter.latency.avg,19.7648067067,debug-2017-09-16-21-40-58,enum,jsonfacet,s10_s,{}
1505623528000,jmeter.latency.avg,18.7628120083,debug-2017-09-16-21-44-02,enum,jsonfacet,s100_s,{}
1505623712000,jmeter.latency.avg,21.0607447964,debug-2017-09-16-21-47-07,enum,jsonfacet,s1000_s,{}
1505623897000,jmeter.latency.avg,22.1470576731,debug-2017-09-16-21-50-11,enum,jsonfacet,s10000_s,{}
1505624082000,jmeter.latency.avg,31.8655328647,debug-2017-09-16-21-53-16,enum,jsonfacet,s100000_s,{}
1505624266000,jmeter.latency.avg,43.9351848867,debug-2017-09-16-21-56-20,enum,jsonfacet,s1000000_s,{}
1505708628000,jmeter.latency.avg,20.2547371117,debug-2017-09-17-21-22-22,dv,jsonfacet,s10_s,{}
1505708813000,jmeter.latency.avg,19.6860819242,debug-2017-09-17-21-25-27,dv,jsonfacet,s100_s,{}
1505708997000,jmeter.latency.avg,20.8110540951,debug-2017-09-17-21-28-31,dv,jsonfacet,s1000_s,{}
1505709182000,jmeter.latency.avg,24.2394114243,debug-2017-09-17-21-31-36,dv,jsonfacet,s10000_s,{}
1505709366000,jmeter.latency.avg,32.02273157,debug-2017-09-17-21-34-41,dv,jsonfacet,s100000_s,{}
1505709551000,jmeter.latency.avg,46.9479179643,debug-2017-09-17-21-37-45,dv,jsonfacet,s1000000_s,{}
1505709735000,jmeter.latency.avg,20.0064618263,debug-2017-09-17-21-40-49,enum,jsonfacet,s10_s,{}
1505709920000,jmeter.latency.avg,18.7806572729,debug-2017-09-17-21-43-54,enum,jsonfacet,s100_s,{}
1505710104000,jmeter.latency.avg,20.7292412503,debug-2017-09-17-21-46-59,enum,jsonfacet,s1000_s,{}
1505710289000,jmeter.latency.avg,22.2126151278,debug-2017-09-17-21-50-03,enum,jsonfacet,s10000_s,{}
1505710473000,jmeter.latency.avg,32.0889169945,debug-2017-09-17-21-53-08,enum,jsonfacet,s100000_s,{}
1505710658000,jmeter.latency.avg,44.7824030917,debug-2017-09-17-21-56-12,enum,jsonfacet,s1000000_s,{}
1505795076000,jmeter.latency.avg,20.2397595312,debug-2017-09-18-21-23-11,dv,jsonfacet,s10_s,{}
1505795261000,jmeter.latency.avg,19.2871444181,debug-2017-09-18-21-26-15,dv,jsonfacet,s100_s,{}
1505795445000,jmeter.latency.avg,20.6956352258,debug-2017-09-18-21-29-19,dv,jsonfacet,s1000_s,{}
1505795629000,jmeter.latency.avg,21.77493908,debug-2017-09-18-21-32-23,dv,jsonfacet,s10000_s,{}
1505795813000,jmeter.latency.avg,29.6337511209,debug-2017-09-18-21-35-28,dv,jsonfacet,s100000_s,{}
1505795998000,jmeter.latency.avg,45.5286518826,debug-2017-09-18-21-38-32,dv,jsonfacet,s1000000_s,{}
1505796182000,jmeter.latency.avg,20.2809133402,debug-2017-09-18-21-41-36,enum,jsonfacet,s10_s,{}
1505796366000,jmeter.latency.avg,19.1302698302,debug-2017-09-18-21-44-41,enum,jsonfacet,s100_s,{}
1505796551000,jmeter.latency.avg,20.9537936376,debug-2017-09-18-21-47-45,enum,jsonfacet,s1000_s,{}
1505796735000,jmeter.latency.avg,21.6869751067,debug-2017-09-18-21-50-49,enum,jsonfacet,s10000_s,{}
1505796920000,jmeter.latency.avg,29.8209635339,debug-2017-09-18-21-53-54,enum,jsonfacet,s100000_s,{}
1505797104000,jmeter.latency.avg,44.4893216814,debug-2017-09-18-21-56-58,enum,jsonfacet,s1000000_s,{}
1505881472000,jmeter.latency.avg,19.7121018883,debug-2017-09-19-21-23-06,dv,jsonfacet,s10_s,{}
1505881656000,jmeter.latency.avg,19.1365834563,debug-2017-09-19-21-26-10,dv,jsonfacet,s100_s,{}
1505881840000,jmeter.latency.avg,20.826818319,debug-2017-09-19-21-29-15,dv,jsonfacet,s1000_s,{}
1505882024000,jmeter.latency.avg,24.404104212,debug-2017-09-19-21-32-19,dv,jsonfacet,s10000_s,{}
1505882209000,jmeter.latency.avg,31.5104188683,debug-2017-09-19-21-35-23,dv,jsonfacet,s100000_s,{}
1505882393000,jmeter.latency.avg,45.3844594236,debug-2017-09-19-21-38-27,dv,jsonfacet,s1000000_s,{}
1505882577000,jmeter.latency.avg,19.6365083357,debug-2017-09-19-21-41-31,enum,jsonfacet,s10_s,{}
1505882761000,jmeter.latency.avg,18.6922939136,debug-2017-09-19-21-44-36,enum,jsonfacet,s100_s,{}
1505882946000,jmeter.latency.avg,21.7645520852,debug-2017-09-19-21-47-40,enum,jsonfacet,s1000_s,{}
1505883130000,jmeter.latency.avg,21.890955778,debug-2017-09-19-21-50-44,enum,jsonfacet,s10000_s,{}
1505883314000,jmeter.latency.avg,31.7958443509,debug-2017-09-19-21-53-48,enum,jsonfacet,s100000_s,{}
1505883499000,jmeter.latency.avg,44.4131535523,debug-2017-09-19-21-56-53,enum,jsonfacet,s1000000_s,{}
1505967880000,jmeter.latency.avg,19.8436313122,debug-2017-09-20-21-23-14,dv,jsonfacet,s10_s,{}
1505968064000,jmeter.latency.avg,16.3903183398,debug-2017-09-20-21-26-19,dv,jsonfacet,s100_s,{}
1505968249000,jmeter.latency.avg,20.8927867284,debug-2017-09-20-21-29-23,dv,jsonfacet,s1000_s,{}
1505968434000,jmeter.latency.avg,21.8808488108,debug-2017-09-20-21-32-28,dv,jsonfacet,s10000_s,{}
1505968619000,jmeter.latency.avg,30.9560405613,debug-2017-09-20-21-35-33,dv,jsonfacet,s100000_s,{}
1505968804000,jmeter.latency.avg,45.1712774028,debug-2017-09-20-21-38-38,dv,jsonfacet,s1000000_s,{}
1505968989000,jmeter.latency.avg,19.7034562994,debug-2017-09-20-21-41-43,enum,jsonfacet,s10_s,{}
1505969174000,jmeter.latency.avg,18.8910443226,debug-2017-09-20-21-44-48,enum,jsonfacet,s100_s,{}
1505969359000,jmeter.latency.avg,20.891072606,debug-2017-09-20-21-47-53,enum,jsonfacet,s1000_s,{}
1505969544000,jmeter.latency.avg,21.6074876793,debug-2017-09-20-21-50-58,enum,jsonfacet,s10000_s,{}
1505969728000,jmeter.latency.avg,32.0036886844,debug-2017-09-20-21-54-02,enum,jsonfacet,s100000_s,{}
1505969913000,jmeter.latency.avg,45.530361588,debug-2017-09-20-21-57-07,enum,jsonfacet,s1000000_s,{}
1506054273000,jmeter.latency.avg,19.8495417613,debug-2017-09-21-21-23-07,dv,jsonfacet,s10_s,{}
1506054457000,jmeter.latency.avg,18.9241350663,debug-2017-09-21-21-26-12,dv,jsonfacet,s100_s,{}
1506054643000,jmeter.latency.avg,21.0125052873,debug-2017-09-21-21-29-17,dv,jsonfacet,s1000_s,{}
1506054827000,jmeter.latency.avg,19.7462893424,debug-2017-09-21-21-32-21,dv,jsonfacet,s10000_s,{}
1506055012000,jmeter.latency.avg,29.6597451759,debug-2017-09-21-21-35-26,dv,jsonfacet,s100000_s,{}
1506055197000,jmeter.latency.avg,44.786901303,debug-2017-09-21-21-38-32,dv,jsonfacet,s1000000_s,{}
1506055382000,jmeter.latency.avg,17.0488141547,debug-2017-09-21-21-41-36,enum,jsonfacet,s10_s,{}
1506055567000,jmeter.latency.avg,18.8012481737,debug-2017-09-21-21-44-41,enum,jsonfacet,s100_s,{}
1506055752000,jmeter.latency.avg,20.8822306308,debug-2017-09-21-21-47-46,enum,jsonfacet,s1000_s,{}
1506055937000,jmeter.latency.avg,22.3876776617,debug-2017-09-21-21-50-51,enum,jsonfacet,s10000_s,{}
1506056122000,jmeter.latency.avg,31.6376272576,debug-2017-09-21-21-53-56,enum,jsonfacet,s100000_s,{}
1506056306000,jmeter.latency.avg,45.7083683675,debug-2017-09-21-21-57-01,enum,jsonfacet,s1000000_s,{}
1506140636000,jmeter.latency.avg,20.5101296235,debug-2017-09-22-21-22-30,dv,jsonfacet,s10_s,{}
1506140821000,jmeter.latency.avg,19.0686595667,debug-2017-09-22-21-25-35,dv,jsonfacet,s100_s,{}
1506141006000,jmeter.latency.avg,21.1594655868,debug-2017-09-22-21-28-40,dv,jsonfacet,s1000_s,{}
1506141190000,jmeter.latency.avg,21.8602988133,debug-2017-09-22-21-31-45,dv,jsonfacet,s10000_s,{}
1506141375000,jmeter.latency.avg,29.661938362,debug-2017-09-22-21-34-49,dv,jsonfacet,s100000_s,{}
1506141560000,jmeter.latency.avg,43.1078143127,debug-2017-09-22-21-37-54,dv,jsonfacet,s1000000_s,{}
1506141745000,jmeter.latency.avg,20.1671290348,debug-2017-09-22-21-40-59,enum,jsonfacet,s10_s,{}
1506141929000,jmeter.latency.avg,18.7311406939,debug-2017-09-22-21-44-04,enum,jsonfacet,s100_s,{}
1506142114000,jmeter.latency.avg,21.3321866914,debug-2017-09-22-21-47-08,enum,jsonfacet,s1000_s,{}
1506142299000,jmeter.latency.avg,21.9076086102,debug-2017-09-22-21-50-13,enum,jsonfacet,s10000_s,{}
1506142484000,jmeter.latency.avg,29.3755374604,debug-2017-09-22-21-53-18,enum,jsonfacet,s100000_s,{}
1506142668000,jmeter.latency.avg,42.9886754904,debug-2017-09-22-21-56-22,enum,jsonfacet,s1000000_s,{}
1506227033000,jmeter.latency.avg,20.1031992687,debug-2017-09-23-21-22-27,dv,jsonfacet,s10_s,{}
1506227218000,jmeter.latency.avg,18.768312672,debug-2017-09-23-21-25-32,dv,jsonfacet,s100_s,{}
1506227403000,jmeter.latency.avg,20.824070569,debug-2017-09-23-21-28-37,dv,jsonfacet,s1000_s,{}
1506227588000,jmeter.latency.avg,21.9585190946,debug-2017-09-23-21-31-42,dv,jsonfacet,s10000_s,{}
1506227773000,jmeter.latency.avg,32.2686532889,debug-2017-09-23-21-34-47,dv,jsonfacet,s100000_s,{}
1506227958000,jmeter.latency.avg,45.2159996065,debug-2017-09-23-21-37-52,dv,jsonfacet,s1000000_s,{}
1506228142000,jmeter.latency.avg,19.9430033339,debug-2017-09-23-21-40-56,enum,jsonfacet,s10_s,{}
1506228327000,jmeter.latency.avg,18.8485834402,debug-2017-09-23-21-44-01,enum,jsonfacet,s100_s,{}
1506228512000,jmeter.latency.avg,20.8589993764,debug-2017-09-23-21-47-06,enum,jsonfacet,s1000_s,{}
1506228696000,jmeter.latency.avg,21.9507138669,debug-2017-09-23-21-50-11,enum,jsonfacet,s10000_s,{}
1506228881000,jmeter.latency.avg,31.8445371083,debug-2017-09-23-21-53-15,enum,jsonfacet,s100000_s,{}
1506229066000,jmeter.latency.avg,44.7658123058,debug-2017-09-23-21-56-20,enum,jsonfacet,s1000000_s,{}
1506313485000,jmeter.latency.avg,20.0184959111,debug-2017-09-24-21-23-19,dv,jsonfacet,s10_s,{}
1506313670000,jmeter.latency.avg,18.80456897,debug-2017-09-24-21-26-24,dv,jsonfacet,s100_s,{}
1506313854000,jmeter.latency.avg,20.4977004043,debug-2017-09-24-21-29-28,dv,jsonfacet,s1000_s,{}
1506314039000,jmeter.latency.avg,21.598373258,debug-2017-09-24-21-32-33,dv,jsonfacet,s10000_s,{}
1506314224000,jmeter.latency.avg,29.4134976605,debug-2017-09-24-21-35-38,dv,jsonfacet,s100000_s,{}
1506314409000,jmeter.latency.avg,43.038887642,debug-2017-09-24-21-38-43,dv,jsonfacet,s1000000_s,{}
1506314594000,jmeter.latency.avg,19.9568172497,debug-2017-09-24-21-41-48,enum,jsonfacet,s10_s,{}
1506314778000,jmeter.latency.avg,19.1830765843,debug-2017-09-24-21-44-53,enum,jsonfacet,s100_s,{}
1506314963000,jmeter.latency.avg,21.2734157284,debug-2017-09-24-21-47-58,enum,jsonfacet,s1000_s,{}
1506315148000,jmeter.latency.avg,21.7742636364,debug-2017-09-24-21-51-02,enum,jsonfacet,s10000_s,{}
1506315333000,jmeter.latency.avg,29.3195872309,debug-2017-09-24-21-54-07,enum,jsonfacet,s100000_s,{}
1506315518000,jmeter.latency.avg,42.9751011503,debug-2017-09-24-21-57-12,enum,jsonfacet,s1000000_s,{}
